ranking,fund_short_name,fund_company,investment_strategy,lastest_NAV,cumulative_return,recent_month_return,annalized_return,sharpe_ratio,year_rating
1251,巨牛佳禾一号,广东巨牛投资,复合策略,"0.9660
2017-10-27",-3.70%,0.84%,--,--,Not provided
1252,大岩定增-平安银行2号四期五期,大岩资本,事件驱动,"0.9510
2017-10-20",-3.40%,0.84%,--,--,Not provided
1253,源乘二号,源乘投资,固定收益,"1.1110
2017-10-27",8.90%,0.83%,--,--,3out of 5
1254,淘利策略指数进取2号,淘利资产,管理期货,"1.5337
2017-10-20",103.57%,0.83%,--,--,4out of 5
1255,泛融金东方红3号,泛融金资产,组合策略,"1.1411
2017-10-20",14.04%,0.83%,--,--,5out of 5
1256,航长强债,航长投资,固定收益,"1.1170
2017-10-13",9.80%,0.83%,--,--,Not provided
1257,宏长泰二号,宏长泰投资,相对价值,"1.0517
2017-10-27",6.19%,0.83%,--,--,Not provided
1258,泛融金-太极3号,泛融金资产,组合策略,"1.1090
2017-10-20",10.30%,0.82%,--,--,4out of 5
1259,第二基金中国300指数基金,第二基金,相对价值,"1.2997
2017-10-25",24.24%,0.82%,--,--,4out of 5
1260,紫金麦田收获9号,拾麦资产,相对价值,"1.1580
2017-10-27",11.00%,0.82%,--,--,Not provided
1261,星辰之申毅多策略,申毅投资,相对价值,"1.0533
2017-10-20",4.85%,0.82%,--,--,Not provided
1262,长流稳进八号,长流资本,固定收益,"1.0582
2017-10-27",4.97%,0.82%,--,--,Not provided
1263,鸣熙致远一号,鸣熙资产,管理期货,"1.2067
2017-10-20",21.47%,0.81%,--,--,Not provided
1264,大岩定增-鹏华7号,大岩资本,事件驱动,"0.4930
2017-10-27",-1.42%,0.81%,--,--,Not provided
1265,蓝鲸稳健增利债券,蓝鲸投资,固定收益,"1.0328
2017-10-27",1.72%,0.81%,--,--,Not provided
1266,瑞诚时代周期1号,瑞诚时代投资,固定收益,"1.0483
2017-10-27",4.38%,0.81%,--,--,Not provided
1267,量鑫套利,量鑫投资,相对价值,"1.2560
2017-10-27",24.90%,0.81%,--,--,2out of 5
1268,侏罗纪超龙7号,侏罗纪资产,固定收益,"1.0506
2017-10-27",3.78%,0.81%,--,--,Not provided
1269,微观世界量化对冲一号,微观世界,相对价值,"1.1520
2017-10-27",37.49%,0.81%,--,--,4out of 5
1270,子午尊享睿进,子午投资,复合策略,"1.0465
2017-10-27",4.20%,0.80%,--,--,Not provided
1271,花开富贵FOF基金,本地资本,组合策略,"1.0060
2017-09-29",0.60%,0.80%,--,--,2out of 5
1272,合信稳赢,合信投资,固定收益,"1.0532
2017-10-27",5.64%,0.80%,--,--,Not provided
1273,衍盛全天候,衍盛资产管理,管理期货,"0.9940
2017-10-27",0.80%,0.80%,--,--,Not provided
1274,谦颐高收益债2号,谦颐资产,固定收益,"1.0150
2017-10-20",0.80%,0.80%,--,--,Not provided
1275,翔云精细量化九号,翔云资产,相对价值,"1.0060
2017-10-27",0.90%,0.80%,--,--,Not provided
1276,前海道简量化多策略5号,道简资产,相对价值,"1.1997
2017-10-27",18.96%,0.80%,--,--,5out of 5
1277,搏股通金(泓湖)宏观对冲6号,泓湖投资,宏观策略,"1.1370
2017-10-20",14.00%,0.80%,--,--,2out of 5
1278,泛融金-太极2号,泛融金资产,组合策略,"1.2373
2017-10-20",23.02%,0.79%,--,--,3out of 5
1279,金柏2期,大柏地投资,宏观策略,"1.0176
2017-10-27",0.23%,0.79%,--,--,Not provided
1280,泓信全景七号量化多策略,泓信投资,复合策略,"0.9617
2017-10-27",1.81%,0.79%,--,--,Not provided
1281,白鹭博学一期,白鹭资管,复合策略,"1.1660
2017-10-19",14.60%,0.79%,--,--,Not provided
1282,搏股通金17(大岩资本)组合定增4号一期,大岩资本,事件驱动,"0.8870
2017-10-27",-10.60%,0.79%,--,--,Not provided
1283,搏股通金17(大岩资本)组合定增4号二期,大岩资本,事件驱动,"0.8870
2017-10-27",-10.60%,0.79%,--,--,Not provided
1284,蓝鲸强债稳进11号,蓝鲸投资,固定收益,"1.0350
2017-10-27",2.40%,0.79%,--,--,Not provided
1285,品正理翔量化CTA,品正资产,管理期货,"1.1341
2017-10-27",12.74%,0.79%,--,--,4out of 5
1286,熠生定增拾玖号,永安基金,事件驱动,"1.0300
2017-10-27",2.50%,0.79%,--,--,Not provided
1287,一米FOF基金,北京一米投资,管理期货,"1.0290
2017-10-27",2.50%,0.79%,--,--,Not provided
1288,因诺兴泰1号,因诺资产,复合策略,"1.0124
2017-09-29",1.24%,0.79%,--,--,Not provided
1289,正则基金,领望投资,复合策略,"1.2854
2017-10-20",27.00%,0.79%,--,--,3out of 5
1290,海棠-阿比特量化对冲1号,阿比特资本,相对价值,"1.0536
2017-09-29",5.36%,0.78%,--,--,Not provided
1291,凯聪多策略对冲1号,凯聪投资,复合策略,"1.1570
2017-10-27",15.70%,0.78%,--,--,4out of 5
1292,光明一号,喜贤资产,复合策略,"1.0480
2017-10-27",3.00%,0.78%,--,--,Not provided
1293,朴石成长2期,朴石投资,复合策略,"1.1600
2017-09-29",16.00%,0.78%,--,--,3out of 5
1294,大岩定增3号M,大岩资本,事件驱动,"1.0270
2017-10-27",3.20%,0.78%,--,--,Not provided
1295,财富策略1号,惠丰资产,相对价值,"1.1415
2017-10-27",11.17%,0.78%,--,--,4out of 5
1296,国道拾麦9号,国道基金,复合策略,"1.2430
2017-10-27",16.50%,0.78%,--,--,Not provided
1297,合信安胜,合信投资,固定收益,"1.0522
2017-10-27",4.99%,0.78%,--,--,Not provided
1298,然成启航套利一号,然成资管,相对价值,"1.0310
2017-10-27",3.70%,0.78%,--,--,Not provided
1299,喜世润盈喜5号,喜世润投资,相对价值,"1.1765
2017-10-20",12.79%,0.78%,--,--,4out of 5
1300,滨海-龙腾6号,滨海天地,管理期货,"0.9952
2017-10-27",0.03%,0.78%,--,--,Not provided
1301,资舟观复,深圳资舟资产,组合策略,"1.1589
2017-10-20",14.39%,0.78%,--,--,5out of 5
1302,知几投资多策略1期,知几资产,复合策略,"1.3480
2017-10-27",30.40%,0.77%,--,--,5out of 5
1303,百泉二号,百泉投资,复合策略,"0.9974
2017-10-20",-1.02%,0.77%,--,--,Not provided
1304,汇升稳进七号,汇鸿汇升,相对价值,"0.9804
2017-10-11",-1.84%,0.77%,--,--,Not provided
1305,祥东投资进取5号,祥东投资,管理期货,"1.2603
2017-10-27",24.59%,0.77%,--,--,Not provided
1306,汇艾-稳健1号,汇艾资产,管理期货,"1.0160
2017-10-27",39.82%,0.77%,--,--,4out of 5
1307,泛融金-东方红2号,泛融金资产,组合策略,"1.2512
2017-10-13",24.65%,0.77%,--,--,5out of 5
1308,兴业信托-鹏扬10期,鹏扬投资,固定收益,"1.0288
2017-10-20",2.45%,0.77%,--,--,2out of 5
1309,双隆-隆泽3号,双隆投资,固定收益,"1.0336
2017-10-23",2.52%,0.77%,--,--,Not provided
1310,金汇瑞合陆号,宝菲特,事件驱动,"0.9106
2017-10-27",-7.64%,0.76%,--,--,Not provided
1311,金汇瑞和柒号,宝菲特,事件驱动,"0.9106
2017-10-27",-7.64%,0.76%,--,--,Not provided
1312,牟合资产-江苏量化混合策略子3号,牟合资产,复合策略,"1.0208
2017-10-27",0.73%,0.76%,--,--,Not provided
1313,泽远多策略基金,蓝鲸投资,固定收益,"1.0161
2017-10-27",2.71%,0.76%,--,--,Not provided
1314,千象11期,千象资产,管理期货,"1.1788
2017-09-22",17.88%,0.75%,--,--,4out of 5
1315,泰观恒五岳3号,北京泰观恒投资,固定收益,"1.1025
2017-09-29",14.84%,0.75%,--,--,3out of 5
1316,砥俊期权1号,砥俊资产,管理期货,"1.0087
2017-10-20",0.08%,0.74%,--,--,Not provided
1317,羽翰趋势策略对冲8号,羽翰资产,管理期货,"1.0841
2017-09-27",8.41%,0.74%,--,--,Not provided
1318,华软新动力优势十期,华软新动力,组合策略,"1.1340
2017-10-27",12.52%,0.74%,--,--,3out of 5
1319,东方红6号基金,泛融金资产,组合策略,"1.0930
2017-10-20",8.50%,0.74%,--,--,Not provided
1320,数博内鑫量化4号,数博投资,管理期货,"1.0540
2017-10-27",1.60%,0.74%,--,--,Not provided
1321,财富趋势1号,惠丰资产,相对价值,"1.0879
2017-10-30",6.02%,0.74%,--,--,4out of 5
1322,双隆多元混合1号,双隆投资,复合策略,"1.0498
2017-10-23",5.06%,0.74%,--,--,Not provided
1323,弘信惠丰价值优选1号,惠丰资产,相对价值,"1.0650
2017-09-25",6.50%,0.74%,--,--,4out of 5
1324,红榕财通FOF2期,红榕资本,组合策略,"1.0250
2017-10-13",2.41%,0.74%,--,--,Not provided
1325,子午薛定谔九号,子午投资,复合策略,"1.0410
2017-10-20",13.63%,0.73%,--,--,4out of 5
1326,智赢一号,红猫资产,管理期货,"1.0908
2017-10-27",25.54%,0.73%,--,--,5out of 5
1327,蓝鲸强债稳进6号,蓝鲸投资,固定收益,"1.0426
2017-10-27",3.25%,0.73%,--,--,Not provided
1328,金犇红荔2号,金犇投资,复合策略,"1.0091
2017-10-20",2.61%,0.73%,--,--,Not provided
1329,中钢多策略2期,中钢投资,相对价值,"1.2520
2017-10-27",24.50%,0.73%,--,--,3out of 5
1330,星惠同舟,星惠资产,管理期货,"1.5250
2017-09-29",52.50%,0.73%,--,--,2out of 5
1331,雷根久盈,雷根资产,复合策略,"1.1150
2017-10-26",11.00%,0.73%,--,--,3out of 5
1332,元鑫恒源8号,元鑫资本,复合策略,"1.0613
2017-10-27",4.12%,0.73%,--,--,Not provided
1333,大岩定增-海富通1号,大岩资本,事件驱动,"0.9600
2017-10-20",-2.80%,0.73%,--,--,Not provided
1334,外贸信托-数博量化期货套利,数博投资,相对价值,"0.9946
2017-10-27",-1.34%,0.72%,--,--,Not provided
1335,兆达新时代1号,广东易赞投资,管理期货,"1.0173
2017-10-27",1.45%,0.72%,--,--,Not provided
1336,华宝信托-源贝展源FOF,源贝资产,组合策略,"1.0636
2017-10-20",4.73%,0.72%,--,--,2out of 5
1337,善翔多策略稳赢1号,善翔资本,复合策略,"1.1790
2017-10-27",18.83%,0.72%,--,--,3out of 5
1338,达仁安享盈和1号,达仁资管,固定收益,"1.0494
2017-10-13",5.37%,0.72%,--,--,Not provided
1339,期旺翼牛1号,翼牛资产,复合策略,"1.1150
2017-10-27",12.60%,0.72%,--,--,Not provided
1340,雅林一号,勾陈资产,相对价值,"1.3021
2017-10-27",31.05%,0.71%,--,--,4out of 5
1341,格上创富8期,格上理财,组合策略,"1.0911
2017-10-20",7.15%,0.71%,--,--,4out of 5
1342,南华七禾言起全球1号,言起投资,复合策略,"1.1832
2017-10-20",18.87%,0.71%,--,--,4out of 5
1343,牧鑫2号,牧鑫资产,相对价值,"1.0142
2017-10-27",2.19%,0.71%,--,--,3out of 5
1344,明溪10号,牧鑫资产,相对价值,"1.0231
2017-10-27",4.13%,0.71%,--,--,Not provided
1345,佳禾量化CTA八号,佳禾资产,管理期货,"0.9729
2017-10-20",-1.37%,0.70%,--,--,Not provided
1346,繸子稳健2期FOF,繸子财富,组合策略,"1.0040
2017-10-13",0.20%,0.70%,--,--,3out of 5
1347,泛融金东方红4号,泛融金资产,组合策略,"1.1533
2017-10-20",20.94%,0.70%,--,--,5out of 5
1348,大岩定增-君信1号一期二期,大岩资本,事件驱动,"0.9196
2017-10-20",-6.73%,0.70%,--,--,Not provided
1349,无花果量化对冲10号,无花果,相对价值,"1.0190
2017-10-20",0.50%,0.70%,--,--,Not provided
1350,易则全球宏观二号,易则投资,宏观策略,"1.0120
2017-10-27",0.70%,0.70%,--,--,Not provided
1351,呈瑞宏观对冲2号,呈瑞投资,相对价值,"1.0565
2017-10-27",5.07%,0.70%,--,--,Not provided
1352,冠石聚富三号,冠石资产,固定收益,"1.1530
2017-09-06",15.30%,0.70%,--,--,1out of 5
1353,中鼎创富量化三期,中鼎创富,管理期货,"1.0120
2017-09-22",1.20%,0.70%,--,--,3out of 5
1354,真鑫事件驱动,真鑫资产,事件驱动,"1.0060
2017-10-20",1.20%,0.70%,--,--,Not provided
1355,融智MOM多策略精选1期,排排网投资,组合策略,"1.0150
2017-10-20",1.40%,0.70%,--,--,2out of 5
1356,七禾新优选1号,七禾新资管,管理期货,"1.1003
2017-10-13",8.67%,0.70%,--,--,3out of 5
1357,冲和七号六期,冲和资产,相对价值,"1.0080
2017-10-27",1.50%,0.69%,--,--,Not provided
1358,瑞天优质企业精选2号,瑞天投资,复合策略,"1.0210
2017-09-29",2.10%,0.69%,--,--,Not provided
1359,烜鼎启元一号,烜鼎资产,复合策略,"1.0070
2017-10-30",5.37%,0.69%,--,--,3out of 5
1360,盛世开元6号,盛世资产,管理期货,"1.0220
2017-09-22",2.20%,0.69%,--,--,2out of 5
1361,信达征途稳利债量化1号,征途投资,固定收益,"1.0230
2017-10-27",11.20%,0.69%,--,--,Not provided
1362,领源春天二号,领源投资,事件驱动,"1.0430
2017-10-23",2.70%,0.69%,--,--,Not provided
1363,智策1号,领新投资,组合策略,"1.0156
2017-10-25",4.64%,0.69%,--,--,Not provided
1364,工场煦熙一号,斯诺波投资,复合策略,"1.0290
2017-09-28",2.90%,0.68%,--,--,Not provided
1365,长流稳进九号,长流资本,固定收益,"1.0430
2017-10-27",3.20%,0.68%,--,--,Not provided
1366,量道风云1号,深圳量道投资,复合策略,"1.0100
2017-10-20",3.20%,0.68%,--,--,Not provided
1367,茂典8号,茂典资产,固定收益,"1.0444
2017-10-26",12.67%,0.68%,--,--,5out of 5
1368,华宝信托-源贝思源2号,源贝资产,组合策略,"0.8703
2017-10-20",-14.27%,0.68%,--,--,2out of 5
1369,九坤量化混合6号,九坤投资,复合策略,"1.0560
2017-10-27",3.80%,0.68%,--,--,Not provided
1370,蓝鲸强债稳进1号,蓝鲸投资,固定收益,"1.1970
2017-10-27",18.80%,0.68%,--,--,4out of 5
1371,朝阳对冲精选1号,向日葵,组合策略,"1.0956
2017-09-26",9.56%,0.67%,--,--,5out of 5
1372,平稳基金,第二基金,相对价值,"1.2150
2017-10-25",20.10%,0.67%,--,--,5out of 5
1373,FOF致胜9号,言起投资,组合策略,"1.0068
2017-10-20",0.66%,0.67%,--,--,Not provided
1374,同梦三号,坤元资产,组合策略,"1.0570
2017-10-20",12.73%,0.67%,--,--,3out of 5
1375,东晟1号,合晟资产,固定收益,"1.0690
2017-10-19",5.20%,0.67%,--,--,Not provided
1376,兴晟1号,合晟资产,固定收益,"1.0650
2017-10-27",12.46%,0.67%,--,--,3out of 5
1377,牟合资产方田6号,牟合资产,管理期货,"1.0640
2017-10-27",5.70%,0.67%,--,--,3out of 5
1378,茂典阳光专享25期,茂典资产,固定收益,"1.0640
2017-10-26",5.70%,0.67%,--,--,Not provided
1379,小黑妞铸金2号,小黑妞资产,管理期货,"1.0640
2017-09-29",6.40%,0.66%,--,--,Not provided
1380,雷根6号,雷根资产,相对价值,"1.8649
2017-10-26",83.21%,0.66%,--,--,5out of 5
1381,珺牛量子3号,珺容资产,管理期货,"1.1383
2017-10-20",14.70%,0.66%,--,--,3out of 5
1382,大岩定增-平安银行3号一期二期,大岩资本,事件驱动,"0.9060
2017-10-20",-8.20%,0.66%,--,--,Not provided
1383,安讯开源,安诚数盈,相对价值,"1.0580
2017-10-27",7.20%,0.66%,--,--,3out of 5
1384,乐正增长,乐正资本,宏观策略,"1.1180
2017-10-27",7.40%,0.66%,--,--,4out of 5
1385,翔云精细量化一号,翔云资产,相对价值,"1.0750
2017-10-27",12.68%,0.66%,--,--,4out of 5
1386,天弘创新稳债久期1期,久期投资,固定收益,"1.0760
2017-09-29",12.79%,0.65%,--,--,2out of 5
1387,兴利-元成1号,元宋投资,复合策略,"0.9210
2017-10-13",-7.70%,0.65%,--,--,Not provided
1388,长安信托-景唐多策略11号,景唐投资,固定收益,"1.0369
2017-10-27",3.12%,0.65%,--,--,Not provided
1389,巨牛乔鑫一号,广东巨牛投资,复合策略,"1.0730
2017-10-27",7.90%,0.65%,--,--,Not provided
1390,隆阳1号,金辇资产,复合策略,"0.9310
2017-09-15",-6.90%,0.65%,--,--,Not provided
1391,信易安稳赢二号,信易安,复合策略,"1.0697
2017-10-27",0.90%,0.65%,--,--,Not provided
1392,融智祥和2号,坚果投资,复合策略,"1.3480
2017-10-27",24.20%,0.65%,--,--,3out of 5
1393,牟合资产方盖10号,牟合资产,管理期货,"1.0951
2017-10-27",8.71%,0.65%,--,--,4out of 5
1394,兴业观云尊享41号,兴佳利业,复合策略,"1.0512
2017-10-27",5.66%,0.65%,--,--,Not provided
1395,中欧盛世国金创新三原色2号1期,国金创新,组合策略,"1.0573
2017-09-29",5.73%,0.65%,--,--,4out of 5
1396,合晟同晖固定收益3号,合晟资产,固定收益,"1.0960
2017-10-20",9.20%,0.65%,--,--,5out of 5
1397,信晟精选债券,合晟资产,固定收益,"1.1100
2017-10-27",10.20%,0.64%,--,--,5out of 5
1398,申毅多策略量化套利3号,申毅投资,相对价值,"1.1090
2017-10-20",10.60%,0.64%,--,--,3out of 5
1399,红猫资管博孚利一号,红猫资产,管理期货,"1.1290
2017-10-27",10.60%,0.64%,--,--,Not provided
1400,金犇红荔1号,金犇投资,复合策略,"1.0095
2017-10-20",1.58%,0.64%,--,--,Not provided
1401,合晟稳盈债券一号,合晟资产,固定收益,"1.1160
2017-10-19",11.20%,0.63%,--,--,3out of 5
1402,正则基金1期,领望投资,管理期货,"1.2421
2017-10-20",22.85%,0.63%,--,--,3out of 5
1403,蓝鲸强债稳进5号,蓝鲸投资,固定收益,"1.0667
2017-10-27",5.59%,0.63%,--,--,Not provided
1404,牟合资产方田1号,牟合资产,管理期货,"1.1200
2017-10-27",16.53%,0.63%,--,--,3out of 5
1405,汇泽领慧FOF1期,中科汇泽,组合策略,"1.0749
2017-09-29",7.49%,0.63%,--,--,3out of 5
1406,淘利稳进1号,淘利资产,相对价值,"1.1748
2017-10-20",19.61%,0.63%,--,--,3out of 5
1407,年年红2期,宁波宁聚,固定收益,"1.2959
2017-10-26",28.86%,0.62%,--,--,4out of 5
1408,天使2号,泛融金资产,组合策略,"1.2653
2017-10-20",25.95%,0.62%,--,--,3out of 5
1409,优诺索朗雍卓,优诺投资,复合策略,"1.0562
2017-10-27",-1.49%,0.62%,--,--,Not provided
1410,雅投行稳健1号,领新投资,组合策略,"1.1420
2017-10-20",13.20%,0.62%,--,--,5out of 5
1411,合晟辰星1号,合晟资产,固定收益,"1.0343
2017-10-20",2.93%,0.62%,--,--,Not provided
1412,幻方永途01号,幻方量化,复合策略,"1.6460
2017-10-26",63.50%,0.62%,--,--,5out of 5
1413,锦成盛宏观策略,锦成盛资产,宏观策略,"1.1690
2017-10-27",14.70%,0.61%,--,--,5out of 5
1414,东方启瑞1号,合晟资产,固定收益,"1.0496
2017-10-26",3.76%,0.61%,--,--,Not provided
1415,野狼博弈冠军7号,鼎信汇金(北京)投资,复合策略,"1.0000
2017-10-27",-0.40%,0.61%,--,--,2out of 5
1416,谦颐优选纯债1号,谦颐资产,固定收益,"1.1028
2017-10-27",9.64%,0.61%,--,--,3out of 5
1417,堃熙源沣,堃熙投资,相对价值,"1.0150
2017-09-22",1.50%,0.60%,--,--,Not provided
1418,巨杉净值线3A号,巨杉资产,复合策略,"1.0230
2017-10-27",0.20%,0.60%,--,--,Not provided
1419,米多资舟瑞丰壹号,深圳资舟资产,组合策略,"1.0317
2017-10-20",1.97%,0.60%,--,--,Not provided
1420,元成莞旗3号,元宋投资,固定收益,"0.9543
2017-10-27",-1.24%,0.60%,--,--,Not provided
1421,日薪月溢基金,艾汐资产,固定收益,"1.0180
2017-10-27",0.70%,0.60%,--,--,Not provided
1422,易生金四号程序化,易生金,相对价值,"1.0100
2017-10-20",0.80%,0.60%,--,--,Not provided
1423,从石华山1号,从石资产,管理期货,"0.8410
2017-09-29",-15.90%,0.60%,--,--,Not provided
1424,洛书旗舰1号多策略,洛书投资,复合策略,"1.0210
2017-10-27",1.20%,0.60%,--,--,Not provided
1425,君信诺金稳健1号,君信投资,复合策略,"1.0170
2017-10-27",1.30%,0.60%,--,--,Not provided
1426,友山汇昇1号,友山基金,复合策略,"1.0190
2017-10-30",1.40%,0.60%,--,--,Not provided
1427,正前方大禹1号债券,正前方金服,固定收益,"1.0697
2017-09-29",6.97%,0.59%,--,--,4out of 5
1428,赞晨五号债券型,赞庚投资,固定收益,"1.0240
2017-10-20",1.90%,0.59%,--,--,Not provided
1429,复兴稳健收益1号,天算量化,固定收益,"1.0170
2017-10-12",2.00%,0.59%,--,--,Not provided
1430,华量数博内鑫增强,数博投资,管理期货,"1.0054
2017-09-29",0.54%,0.59%,--,--,Not provided
1431,天道共赢5号,天道对冲,事件驱动,"1.1137
2017-10-23",11.06%,0.59%,--,--,Not provided
1432,丰利1号基金,巡洋持续,复合策略,"1.0270
2017-10-20",2.60%,0.59%,--,--,Not provided
1433,外贸信托-淳杨富享债券多策略,淳杨投资,固定收益,"1.0100
2017-09-29",1.00%,0.59%,--,--,Not provided
1434,均裕一号,领新投资,组合策略,"1.0400
2017-10-20",3.10%,0.59%,--,--,Not provided
1435,理翔对冲套利,品正资产,相对价值,"1.0547
2017-10-27",4.88%,0.59%,--,--,5out of 5
1436,日盛固收6号,日盛联合资产,固定收益,"1.0350
2017-10-27",3.20%,0.58%,--,--,1out of 5
1437,申毅量化套利种子3号,申毅投资,相对价值,"1.0370
2017-10-20",3.40%,0.58%,--,--,Not provided
1438,拉曼华鑫1号,拉曼资产,固定收益,"1.1063
2017-10-13",10.34%,0.58%,--,--,3out of 5
1439,众壹资产铁树套利1号,众壹资产,相对价值,"1.0390
2017-10-27",3.48%,0.58%,--,--,Not provided
1440,喜世润励春5号,喜世润投资,相对价值,"1.0620
2017-10-20",16.39%,0.58%,--,--,Not provided
1441,赞庚-拉曼三号债券私募基金,赞庚投资,固定收益,"1.0480
2017-10-20",4.30%,0.58%,--,--,3out of 5
1442,国金慧睿多策略-涌峰1号,泓睿投资,复合策略,"1.0720
2017-10-27",6.22%,0.58%,--,--,5out of 5
1443,泽杰二号,三度星和,固定收益,"1.0473
2017-10-20",4.58%,0.58%,--,--,Not provided
1444,同亨日鑫月溢一号,同亨投资,固定收益,"1.0510
2017-10-20",4.60%,0.58%,--,--,Not provided
1445,英卓量化期旺精选,英卓投资(天津),管理期货,"2.2393
2017-10-20",123.81%,0.58%,--,--,3out of 5
1446,兴业信托-佑瑞持优享红利,佑瑞持投资,固定收益,"1.0211
2017-10-20",29.95%,0.57%,--,--,3out of 5
1447,烜鼎启元二号,烜鼎资产,复合策略,"1.0056
2017-10-27",1.89%,0.57%,--,--,3out of 5
1448,混沌天成-红猫1号,红猫资产,管理期货,"1.0671
2017-10-27",5.54%,0.57%,--,--,Not provided
1449,中信信托-安进16期思晔对冲1号,思晔投资,相对价值,"1.1607
2017-10-27",16.46%,0.57%,--,--,4out of 5
1450,合晟同晖可交换债108号,合晟资产,固定收益,"1.0640
2017-10-27",6.00%,0.57%,--,--,Not provided
1451,东方小熊猫1号,小熊猫资产,管理期货,"1.0353
2017-10-20",4.26%,0.57%,--,--,Not provided
1452,永瑞财富5号,永瑞财富,复合策略,"1.0131
2017-10-27",-2.48%,0.57%,--,--,2out of 5
1453,谦颐高收益债1号,谦颐资产,固定收益,"1.0922
2017-10-27",8.67%,0.56%,--,--,Not provided
1454,龙商债券增利6号,龙商资本,固定收益,"1.0397
2017-10-27",3.46%,0.56%,--,--,Not provided
1455,新东阳天天盈强债二号,新东阳资产,固定收益,"1.0078
2017-10-27",0.54%,0.56%,--,--,Not provided
1456,风起全天候进取一号,蜂起资本,管理期货,"1.0947
2017-10-27",11.38%,0.56%,--,--,Not provided
1457,信晟季风1号,合晟资产,组合策略,"1.0502
2017-10-27",4.34%,0.56%,--,--,Not provided
1458,牟合资产方田7号,牟合资产,管理期货,"1.0780
2017-10-27",8.40%,0.56%,--,--,4out of 5
1459,中投星火量化进取1号,中投星火,复合策略,"1.2587
2017-10-20",56.21%,0.56%,--,--,5out of 5
1460,锦成盛宏观策略2号,锦成盛资产,宏观策略,"1.1170
2017-10-27",9.70%,0.55%,--,--,5out of 5
1461,牟合资产方盖11号,牟合资产,复合策略,"1.0689
2017-10-27",6.27%,0.55%,--,--,4out of 5
1462,珺牛量子2号,珺牛投资,管理期货,"1.1260
2017-10-20",13.72%,0.55%,--,--,3out of 5
1463,九天潜龙,九天投资,相对价值,"1.1300
2017-10-27",10.10%,0.55%,--,--,3out of 5
1464,平安财富-大岩ALPHA,大岩资本,相对价值,"1.0604
2017-10-30",6.56%,0.55%,--,--,2out of 5
1465,阳光企余宝,金佳股权,固定收益,"1.0704
2017-10-27",6.61%,0.55%,--,--,3out of 5
1466,朝阳向日葵定增8号,向日葵,事件驱动,"1.1060
2017-09-29",10.60%,0.55%,--,--,Not provided
1467,丹岳本征1期,领望投资,固定收益,"1.1080
2017-10-27",10.70%,0.55%,--,--,4out of 5
1468,汇富堃熙6号对冲,堃熙投资,相对价值,"1.0146
2017-09-22",1.46%,0.55%,--,--,Not provided
1469,宝驰金牛一期,宝驰投资,组合策略,"1.0880
2017-10-27",10.80%,0.54%,--,--,2out of 5
1470,宁聚稳进,宁波宁聚,复合策略,"1.1230
2017-10-26",11.30%,0.54%,--,--,3out of 5
1471,上瑞固收四号,上瑞财富,固定收益,"1.0303
2017-10-27",2.28%,0.54%,--,--,Not provided
1472,惠丰牛市宝,惠丰资产,相对价值,"1.3730
2017-10-27",30.90%,0.54%,--,--,Not provided
1473,锦成盛宏观策略1号,锦成盛资产,宏观策略,"1.1440
2017-10-27",12.40%,0.54%,--,--,5out of 5
1474,宁聚大额宝,宁波宁聚,固定收益,"1.3376
2017-10-27",33.13%,0.54%,--,--,5out of 5
1475,翔云粤大金融一号,翔云资产,相对价值,"1.2656
2017-10-27",25.71%,0.54%,--,--,4out of 5
1476,昊宸-鼎鑫定增套利策略,昊宸资产,复合策略,"0.9697
2017-10-27",-4.03%,0.53%,--,--,Not provided
1477,淘利稳健尊享2号,淘利资产,复合策略,"1.0007
2017-10-20",-0.10%,0.53%,--,--,Not provided
1478,天璐1号,友山基金,复合策略,"1.0225
2017-09-29",3.89%,0.53%,--,--,4out of 5
1479,元鑫普照文化11期,元鑫资本,复合策略,"1.0442
2017-10-27",3.97%,0.53%,--,--,Not provided
1480,博雅稳赢量化套利,领新投资,组合策略,"1.1570
2017-10-20",13.60%,0.53%,--,--,3out of 5
1481,宝驰进取1号FOF,宝驰投资,组合策略,"1.1200
2017-10-27",13.70%,0.53%,--,--,3out of 5
1482,红猫套利一号,红猫资产,管理期货,"1.1370
2017-09-13",13.70%,0.53%,--,--,4out of 5
1483,信诺一号,信诺财富,相对价值,"1.1490
2017-10-27",13.90%,0.53%,--,--,4out of 5
1484,东方乐山1号,合晟资产,固定收益,"1.0345
2017-10-27",2.87%,0.53%,--,--,Not provided
1485,钱王乾睿量化1号,钱王资产,相对价值,"1.0306
2017-10-13",2.89%,0.53%,--,--,2out of 5
1486,合晟景星1号,合晟资产,固定收益,"1.0369
2017-10-27",3.23%,0.53%,--,--,Not provided
1487,淳杨荣享1号,淳杨投资,复合策略,"1.0525
2017-09-29",5.25%,0.53%,--,--,Not provided
1488,宗略稳市债5号,宗略投资,固定收益,"1.0429
2017-10-27",3.64%,0.52%,--,--,Not provided
1489,方正东亚-泓湖重域,泓湖投资,宏观策略,"1.3450
2017-09-29",34.50%,0.52%,--,--,1out of 5
1490,汉富基金,拉曼资产,固定收益,"1.0602
2017-10-13",16.71%,0.52%,--,--,3out of 5
1491,年年红1期,宁波宁聚,固定收益,"1.4171
2017-10-26",40.80%,0.52%,--,--,4out of 5
1492,盛世康乾7号,盛世资产,相对价值,"1.0420
2017-10-13",4.15%,0.52%,--,--,Not provided
1493,兴业信托-佑瑞持双季分红,佑瑞持投资,固定收益,"1.0267
2017-10-20",27.40%,0.52%,--,--,3out of 5
1494,嘉华合晟3号,合晟资产,固定收益,"1.0089
2017-10-27",0.50%,0.52%,--,--,Not provided
1495,东源嘉盈混合型1号,东源嘉盈,复合策略,"1.0080
2017-09-29",0.80%,0.52%,--,--,Not provided
1496,图灵多策略,宽投资产,复合策略,"0.9730
2017-10-20",-2.90%,0.52%,--,--,Not provided
1497,寰鼎稳健一号,寰鼎投资,相对价值,"1.2690
2017-10-27",17.40%,0.51%,--,--,4out of 5
1498,思晔稳健2号,思晔投资,相对价值,"1.0399
2017-09-29",3.99%,0.51%,--,--,3out of 5
1499,友山乾睿1号,友山基金,固定收益,"1.0213
2017-09-29",2.13%,0.51%,--,--,Not provided
1500,金鸿基3号,金鸿基资产,固定收益,"1.0151
2017-10-27",0.61%,0.51%,--,--,Not provided
1501,易生金一号,易生金,复合策略,"1.0140
2017-10-27",-1.20%,0.51%,--,--,Not provided
1502,合晟信海债券1号私募投资基金,合晟资产,固定收益,"1.0140
2017-10-19",0.80%,0.51%,--,--,Not provided
1503,海银拉曼1号,拉曼资产,固定收益,"1.1970
2017-10-13",19.30%,0.51%,--,--,4out of 5
1504,玖瀛1号,玖瀛资产,宏观策略,"1.0277
2017-10-30",-0.54%,0.51%,--,--,Not provided
1505,因诺天机15号,因诺资产,复合策略,"1.0050
2017-10-20",0.20%,0.50%,--,--,Not provided
1506,麦田收获6号,拾麦资产,复合策略,"1.0040
2017-10-27",0.20%,0.50%,--,--,Not provided
1507,龟兔赛跑1号,龟兔赛跑,相对价值,"1.0040
2017-09-29",0.40%,0.50%,--,--,3out of 5
1508,七禾博孚利量化FOF1号,七禾聚资产,组合策略,"0.9980
2017-10-13",0.50%,0.50%,--,--,Not provided
1509,上善-中融景诚泰融3期,中融景诚,固定收益,"1.0069
2017-10-20",0.56%,0.50%,--,--,Not provided
1510,艾汐资产平稳2号,艾汐资产,固定收益,"1.0170
2017-10-27",0.60%,0.50%,--,--,Not provided
1511,合晟金享3号,合晟资产,固定收益,"1.0130
2017-10-27",0.70%,0.50%,--,--,Not provided
1512,野狼博弈冠军5号,鼎信汇金(北京)投资,复合策略,"1.0070
2017-10-27",0.80%,0.50%,--,--,2out of 5
1513,野狼博弈冠军8号,鼎信汇金(北京)投资,复合策略,"1.0160
2017-10-27",1.00%,0.50%,--,--,2out of 5
1514,浦信恒利资产管理1号,恒基浦业,固定收益,"1.0170
2017-10-30",16.20%,0.50%,--,--,4out of 5
1515,淳杨睿鑫2号,淳杨投资,固定收益,"1.0120
2017-09-29",1.20%,0.50%,--,--,Not provided
1516,汇创安享,宁波汇创,组合策略,"1.0040
2017-10-13",1.20%,0.50%,--,--,Not provided
1517,艾汐资产平稳1号,艾汐资产,固定收益,"1.0240
2017-10-27",1.30%,0.50%,--,--,Not provided
1518,领新投资套利8号,第二基金,相对价值,"1.0240
2017-10-24",1.30%,0.50%,--,--,Not provided
1519,兴业观云祥瑞30号,兴佳利业,复合策略,"1.0673
2017-10-27",5.48%,0.50%,--,--,Not provided
1520,事件驱动3号,宁波宁聚,事件驱动,"1.0031
2017-10-26",-0.56%,0.50%,--,--,Not provided
1521,数博合鑫,数博投资,复合策略,"1.2120
2017-10-27",21.80%,0.50%,--,--,3out of 5
1522,谦颐优选纯债3号,谦颐资产,固定收益,"1.0588
2017-10-27",5.66%,0.49%,--,--,Not provided
1523,永禧财富1号,永禧投资,复合策略,"1.0234
2017-10-27",1.67%,0.49%,--,--,Not provided
1524,长安基金合晟信合1号,合晟资产,固定收益,"1.0240
2017-10-20",2.10%,0.49%,--,--,Not provided
1525,知几投资多策略1期2号,知几资产,复合策略,"1.2460
2017-10-27",22.60%,0.49%,--,--,5out of 5
1526,外贸信托-金锝量化套利,金锝资产,相对价值,"1.5333
2017-10-27",53.30%,0.49%,--,--,2out of 5
1527,围道至善一号FOF,围道资产,组合策略,"1.0380
2017-10-27",2.20%,0.49%,--,--,Not provided
1528,中证万通1号,东方万通(北京)投资,事件驱动,"0.9398
2017-10-20",-8.00%,0.49%,--,--,Not provided
1529,融信长盈FOF1期,融信南方投资,组合策略,"1.0250
2017-10-20",2.30%,0.49%,--,--,Not provided
1530,招焱传承1号,招焱投资,复合策略,"1.0049
2017-09-29",0.49%,0.49%,--,--,Not provided
1531,非然奇点混合策略1期,非然奇点,复合策略,"1.6447
2017-10-20",60.17%,0.49%,--,--,3out of 5
1532,钱缘稳增一号,钱缘基金,复合策略,"1.0450
2017-10-20",2.70%,0.49%,--,--,Not provided
1533,瑞龙稳增利1号,合晟资产,固定收益,"1.0393
2017-10-20",2.80%,0.49%,--,--,Not provided
1534,量金-中财多策略十号,量金资产,复合策略,"1.0170
2017-10-20",3.00%,0.49%,--,--,Not provided
1535,金舆宏观配置1号,金舆资产,宏观策略,"1.3747
2017-10-27",33.98%,0.49%,--,--,4out of 5
1536,盛世开元一号,友山基金,组合策略,"1.0310
2017-09-29",3.10%,0.49%,--,--,Not provided
1537,瑞弛多策略一号,瑞弛国际投资,复合策略,"1.0390
2017-10-27",3.30%,0.49%,--,--,Not provided
1538,金鹏稳健1号,鹏億文投资,复合策略,"0.9539
2017-10-27",-2.79%,0.49%,--,--,Not provided
1539,国盈1号混合型,善盈投资,复合策略,"1.0370
2017-10-27",3.60%,0.49%,--,--,Not provided
1540,咚咚资产配置增长1号,排排网未来星基金,组合策略,"1.0600
2017-10-20",3.60%,0.49%,--,--,Not provided
1541,尊嘉FOF进取2号,尊嘉资产,组合策略,"0.8290
2017-09-29",-17.10%,0.48%,--,--,1out of 5
1542,搏股通金37号1期,合晟资产,固定收益,"1.0410
2017-10-27",3.70%,0.48%,--,--,Not provided
1543,海晟博学1号,合晟资产,固定收益,"1.0460
2017-10-19",4.10%,0.48%,--,--,Not provided
1544,聚涓稳健壹号,聚涓资产,复合策略,"1.0370
2017-10-20",4.20%,0.48%,--,--,Not provided
1545,玖瀛稳健,玖瀛资产,宏观策略,"1.0762
2017-10-30",4.24%,0.48%,--,--,4out of 5
1546,颢盛二期,颢盛资产,复合策略,"1.0450
2017-10-27",4.40%,0.48%,--,--,Not provided
1547,正前方鹿鸣2号纯债,正前方金服,固定收益,"1.0450
2017-09-29",4.50%,0.48%,--,--,3out of 5
1548,博普跨市场1号,博普科技,相对价值,"1.0460
2017-10-20",4.60%,0.48%,--,--,Not provided
1549,合晟同晖可交换债103号,合晟资产,固定收益,"1.0540
2017-10-27",4.90%,0.48%,--,--,Not provided
1550,合赢时晟债券1号,合晟资产,复合策略,"1.0140
2017-10-19",0.80%,0.48%,--,--,Not provided
1551,合泰半山1号,合晟资产,固定收益,"1.0356
2017-10-27",3.08%,0.48%,--,--,Not provided
1552,明汯锦绣全天候一号,明汯投资,复合策略,"1.0525
2017-09-08",5.25%,0.48%,--,--,Not provided
1553,景曦一期,中融景诚,固定收益,"1.0314
2017-10-20",3.19%,0.48%,--,--,2out of 5
1554,钱缘稳增三号,钱缘基金,复合策略,"1.0136
2017-10-20",1.17%,0.48%,--,--,Not provided
1555,数博量化期货套利B期,数博投资,管理期货,"0.9921
2017-09-29",-0.79%,0.48%,--,--,Not provided
1556,恒宇天泽海纳百川一号FOF,恒宇天泽投资,组合策略,"1.0590
2017-10-16",6.93%,0.48%,--,--,Not provided
1557,兴业观云60号,兴佳利业,复合策略,"1.0175
2017-10-27",1.89%,0.47%,--,--,Not provided
1558,万杉创富总回报8号,万杉资本,固定收益,"1.0532
2017-10-27",4.06%,0.47%,--,--,Not provided
1559,维万投资稳固收益一号,维万投资,固定收益,"1.0680
2017-10-27",6.40%,0.47%,--,--,Not provided
1560,平安阖鼎-思晔择时对冲,平安阖鼎,宏观策略,"1.0678
2017-09-29",6.78%,0.47%,--,--,3out of 5
1561,同人共赢2号,钜阵资本,组合策略,"1.0254
2017-09-29",2.54%,0.47%,--,--,Not provided
1562,中加丰和,中海外钜融,固定收益,"1.0096
2017-10-27",0.60%,0.47%,--,--,Not provided
1563,雷根久盈2号,雷根资产,复合策略,"1.0790
2017-10-26",7.40%,0.47%,--,--,3out of 5
1564,泛融金太极4号,泛融金资产,组合策略,"1.1001
2017-10-20",9.62%,0.47%,--,--,4out of 5
1565,诺曼底基金,马里奥(海南),宏观策略,"1.3020
2017-10-27",29.00%,0.47%,--,--,Not provided
1566,弘哲亿信玄武FOF2号,亿信伟业股权,组合策略,"1.0740
2017-10-20",7.90%,0.47%,--,--,3out of 5
1567,宁聚量化稳增2号,宁波宁聚,相对价值,"1.0187
2017-10-26",1.54%,0.47%,--,--,2out of 5
1568,鑫鼎-隆盛1号,中正隆盛,相对价值,"1.3350
2017-10-20",30.70%,0.46%,--,--,2out of 5
1569,幻方印月01号,幻方量化,管理期货,"1.5340
2017-10-26",52.70%,0.46%,--,--,5out of 5
1570,宁聚事件驱动1号,宁波宁聚,事件驱动,"1.7463
2017-10-26",72.39%,0.46%,--,--,Not provided
1571,红猫资管红谷一期,红猫资产,管理期货,"1.1150
2017-10-27",9.10%,0.46%,--,--,Not provided
1572,乐睿1号,纳斯特投资,复合策略,"1.0990
2017-10-20",15.78%,0.46%,--,--,3out of 5
1573,同加优选1期,同加资产,复合策略,"1.2445
2017-09-28",24.45%,0.45%,--,--,Not provided
1574,盛冠达弘盛套利2号,盛冠达资产,管理期货,"1.0053
2017-10-27",0.36%,0.45%,--,--,Not provided
1575,中钢多策稳进,中钢投资,相对价值,"1.1210
2017-10-27",11.80%,0.45%,--,--,4out of 5
1576,方正定增1号,银创资本,事件驱动,"0.9410
2017-10-13",-10.50%,0.45%,--,--,Not provided
1577,招晟汇智1号,合晟资产,固定收益,"1.0447
2017-10-20",3.76%,0.45%,--,--,Not provided
1578,天道定增1号基金,天道对冲,事件驱动,"1.1410
2017-10-23",14.36%,0.44%,--,--,Not provided
1579,千象红包2号,千象资产,相对价值,"1.1263
2017-10-13",12.53%,0.44%,--,--,5out of 5
1580,巴舍里耶基金,领望投资,复合策略,"1.3036
2017-10-27",28.87%,0.44%,--,--,5out of 5
1581,海通FOF长胜1号,长量投资,组合策略,"0.9490
2017-10-27",-7.50%,0.43%,--,--,2out of 5
1582,星辰之无花果,无花果,相对价值,"1.0358
2017-10-20",1.91%,0.43%,--,--,3out of 5
1583,尊嘉新盈冲,尊嘉资产,宏观策略,"2.3055
2017-10-13",129.69%,0.43%,--,--,1out of 5
1584,东航金融-CTA九桥富利,东航金控,管理期货,"0.9290
2017-09-21",-7.10%,0.43%,--,--,2out of 5
1585,风禾资产5号,风禾资产,复合策略,"1.1800
2017-10-27",16.20%,0.43%,--,--,5out of 5
1586,泰融2期,中融景诚,固定收益,"1.0265
2017-10-20",2.34%,0.43%,--,--,Not provided
1587,仙童安心1号,仙童投资,复合策略,"1.0268
2017-10-20",2.38%,0.43%,--,--,Not provided
1588,景曜扬帆1号,景唐投资,固定收益,"1.0011
2017-09-29",0.11%,0.43%,--,--,Not provided
1589,兴业观云35号,兴佳利业,复合策略,"1.0974
2017-10-13",9.61%,0.43%,--,--,Not provided
1590,元鑫旺天天赢现金管理二号,元亨王道,固定收益,"1.0117
2017-10-30",0.67%,0.43%,--,--,Not provided
1591,中能致远1号债券,中能投资,固定收益,"1.0348
2017-10-27",3.71%,0.43%,--,--,Not provided
1592,东航金融-汇富FOF1号,东航金控,组合策略,"0.9433
2017-10-27",30.47%,0.43%,--,--,3out of 5
1593,天弘-晋商-乐瑞强债12号,乐瑞资产,固定收益,"1.1890
2017-10-27",18.40%,0.42%,--,--,5out of 5
1594,达仁通宝3期,达仁资管,固定收益,"1.4240
2017-10-13",42.10%,0.42%,--,--,5out of 5
1595,华丰泰玥FOF精选,泰玥众合,组合策略,"1.0666
2017-10-30",6.62%,0.42%,--,--,3out of 5
1596,日盛固收12号,日盛联合资产,固定收益,"1.0292
2017-10-09",2.50%,0.42%,--,--,3out of 5
1597,暨阳3号,宁波宁聚,复合策略,"0.9591
2017-10-27",-4.55%,0.42%,--,--,Not provided
1598,元鑫富FOF安心增强二号,元亨王道,组合策略,"1.0619
2017-10-27",5.14%,0.42%,--,--,Not provided
1599,杨湜渐进1号,杨湜资产,固定收益,"1.0060
2017-09-22",0.60%,0.42%,--,--,Not provided
1600,亚豪稳增长2号多策略,亚豪资本,固定收益,"0.9660
2017-10-20",-3.60%,0.42%,--,--,Not provided
1601,卓跞三号,卓跞投资,管理期货,"1.5575
2017-10-27",55.50%,0.42%,--,--,4out of 5
1602,知几投资多策略1期3号,知几资产,复合策略,"1.2370
2017-10-27",21.60%,0.41%,--,--,5out of 5
1603,紫升鸿量套利,紫升资产,复合策略,"1.2886
2017-10-27",26.82%,0.41%,--,--,5out of 5
1604,明溪7号,牧鑫资产,相对价值,"1.0274
2017-10-27",2.50%,0.41%,--,--,Not provided
1605,振东1期,思昊资本,组合策略,"1.0130
2017-10-20",0.41%,0.41%,--,--,Not provided
1606,财益聚FOF稳健一号,财益聚投资,组合策略,"1.0099
2017-10-24",0.67%,0.41%,--,--,Not provided
1607,国融翰泽,国融翰泽,管理期货,"2.9743
2017-09-08",197.43%,0.41%,--,--,Not provided
1608,思昊多策略1期,思昊资本,相对价值,"0.9930
2017-10-13",-0.80%,0.40%,--,--,Not provided
1609,玄同成长一号,玄同量化,复合策略,"0.9680
2017-09-26",-3.20%,0.40%,--,--,2out of 5
1610,状元红方舟一号,海阔投资,宏观策略,"1.0894
2017-10-09",9.44%,0.40%,--,--,Not provided
1611,外贸信托-淘利多策略量化套利,淘利资产,相对价值,"1.4229
2017-10-27",42.45%,0.40%,--,--,3out of 5
1612,日昇昌智稳赢1号,日昇昌,组合策略,"1.0356
2017-10-27",2.48%,0.40%,--,--,Not provided
1613,优尼柯稳增1号,优尼柯投资,复合策略,"0.9670
2017-10-23",4.30%,0.40%,--,--,Not provided
1614,华骏9号,华骏基金,事件驱动,"1.0010
2017-09-29",0.10%,0.40%,--,--,Not provided
1615,成阳金晖4号,成阳资产,固定收益,"1.0196
2017-09-22",4.79%,0.40%,--,--,3out of 5
1616,济海对冲套利5号,杭州济海,相对价值,"1.0000
2017-10-27",0.20%,0.40%,--,--,Not provided
1617,混沌天成-蓝色天际5号,蓝色天际投资,管理期货,"0.9870
2017-10-27",0.30%,0.40%,--,--,Not provided
1618,剑豹南创1号,剑豹资产,复合策略,"0.9830
2017-10-20",0.40%,0.40%,--,--,Not provided
1619,磐京佳盈18号,磐京基金,复合策略,"1.0170
2017-10-27",0.40%,0.40%,--,--,Not provided
1620,方圆组合1号,方圆资本,复合策略,"1.0477
2017-10-27",8.16%,0.40%,--,--,Not provided
1621,金塔债券稳赢5号,金塔投资,固定收益,"1.0368
2017-10-13",3.45%,0.40%,--,--,Not provided
1622,乐瑞强债4号,乐瑞资产,固定收益,"1.0228
2017-10-27",29.19%,0.40%,--,--,4out of 5
1623,动滑轮进取1号,动滑轮投资,宏观策略,"1.0273
2017-10-20",31.20%,0.40%,--,--,3out of 5
1624,东吴鼎利6043号合晟,合晟资产,固定收益,"1.0190
2017-10-20",1.40%,0.40%,--,--,Not provided
1625,大有,远澜信息,管理期货,"1.0240
2017-10-27",1.50%,0.40%,--,--,Not provided
1626,雷根弘文1号,雷根资产,复合策略,"1.0780
2017-10-26",1.80%,0.39%,--,--,Not provided
1627,河东全天候,河东资产,复合策略,"0.9634
2017-10-27",-5.82%,0.39%,--,--,1out of 5
1628,万葵稳健9号,万葵资产,固定收益,"1.0200
2017-10-20",1.90%,0.39%,--,--,Not provided
1629,余道年年有余3号,余道投资,复合策略,"1.1030
2017-10-20",1.90%,0.39%,--,--,Not provided
1630,恒宇天泽黄河二十七号,恒宇天泽投资,组合策略,"1.1880
2017-10-20",27.40%,0.39%,--,--,Not provided
1631,千象红包1号,千象资产,相对价值,"1.2249
2017-10-20",22.34%,0.39%,--,--,5out of 5
1632,合晟永泰,合晟资产,固定收益,"0.9910
2017-10-27",2.20%,0.39%,--,--,2out of 5
1633,盛世康乾1号,盛世资产,相对价值,"1.0250
2017-10-13",2.20%,0.39%,--,--,Not provided
1634,厚恩固收1号,厚恩投资,固定收益,"1.0190
2017-10-27",4.84%,0.39%,--,--,3out of 5
1635,国海上善若水日新,上善若水,复合策略,"1.1010
2017-10-27",2.50%,0.39%,--,--,3out of 5
1636,邦孚稳债2号,邦孚资产,组合策略,"1.0260
2017-09-29",2.60%,0.39%,--,--,Not provided
1637,海富通信泽合晟1号,合晟资产,固定收益,"1.0320
2017-10-20",2.80%,0.39%,--,--,Not provided
1638,合晟行舟1号,合晟资产,固定收益,"1.0330
2017-10-19",2.90%,0.39%,--,--,Not provided
1639,汇泽至慧FOF1期,中科汇泽,组合策略,"1.0553
2017-09-29",5.53%,0.39%,--,--,3out of 5
1640,磐京佳盈6号,磐京基金,复合策略,"1.0460
2017-10-27",3.20%,0.39%,--,--,Not provided
1641,呼啸资本恒泰1号,呼啸资本,相对价值,"1.0390
2017-10-27",7.43%,0.39%,--,--,4out of 5
1642,朴汇三,朴汇志合,复合策略,"1.0400
2017-10-27",3.30%,0.39%,--,--,Not provided
1643,光合致远1号,合晟资产,固定收益,"1.0410
2017-10-19",3.60%,0.39%,--,--,Not provided
1644,双隆光耀稳健1号,双隆投资,复合策略,"1.0260
2017-10-20",3.60%,0.39%,--,--,Not provided
1645,浦信日添月益,恒基浦业,固定收益,"1.0956
2017-10-31",9.09%,0.39%,--,--,3out of 5
1646,中信建投-合晟债券1号,合晟资产,固定收益,"1.0490
2017-10-19",12.11%,0.39%,--,--,4out of 5
1647,景唐稳盈2号,景唐投资,固定收益,"1.1322
2017-10-27",12.73%,0.39%,--,--,5out of 5
1648,博时稳定收益1号,理石投资,事件驱动,"1.0460
2017-10-20",4.30%,0.39%,--,--,Not provided
1649,长晟华年4号,合晟资产,固定收益,"1.0500
2017-10-27",4.40%,0.38%,--,--,Not provided
1650,中略恒晟1号,中略投资,复合策略,"0.9565
2017-10-20",-5.66%,0.38%,--,--,3out of 5
1651,鑫顺4号,鑫顺和康投资,复合策略,"0.9040
2017-10-26",-7.91%,0.38%,--,--,3out of 5
1652,锦琦一号,冠通北纬,复合策略,"1.0547
2017-10-20",5.31%,0.38%,--,--,Not provided
1653,天弘创新稳债中经贸1期专项资产管理计划,中经贸资产,固定收益,"1.0422
2017-09-22",4.22%,0.38%,--,--,1out of 5
1654,第二基金集信盈趋势配置,领新投资,组合策略,"1.0810
2017-10-25",17.22%,0.38%,--,--,5out of 5
1655,涌津涌衍3号,涌津投资,复合策略,"1.0700
2017-09-08",7.00%,0.38%,--,--,3out of 5
1656,兴业观云金元国跃58号,兴佳利业,复合策略,"1.0227
2017-10-27",1.84%,0.37%,--,--,Not provided
1657,野狼博弈冠军1号,浩鸿明凯投资,复合策略,"1.0780
2017-10-27",7.60%,0.37%,--,--,2out of 5
1658,盈定二号,盈阳资产,相对价值,"1.0820
2017-10-27",27.61%,0.37%,--,--,3out of 5
1659,浦信日添月益2号,恒基浦业,固定收益,"1.0840
2017-10-31",7.90%,0.37%,--,--,3out of 5
1660,无花果多策略1号,无花果,相对价值,"1.0539
2017-10-20",3.04%,0.37%,--,--,3out of 5
1661,茂典1号,茂典资产,固定收益,"1.3590
2017-10-26",34.90%,0.37%,--,--,5out of 5
1662,1088掘金1号,宜灵巴巴,复合策略,"0.9781
2017-10-27",-2.53%,0.37%,--,--,2out of 5
1663,中欧半山1号,合晟资产,固定收益,"1.0900
2017-10-26",8.40%,0.37%,--,--,4out of 5
1664,淳杨睿享2号,淳杨资产,固定收益,"1.0580
2017-09-29",49.27%,0.37%,--,--,5out of 5
1665,泰诚资本全明星系列1号,泰诚资本,管理期货,"1.0830
2017-10-20",8.50%,0.37%,--,--,Not provided
1666,钜亿增强1号,前海钜亿,复合策略,"1.0301
2017-10-27",0.37%,0.37%,--,--,Not provided
1667,富善优享1号,富善投资,相对价值,"1.3100
2017-10-27",36.50%,0.37%,--,--,2out of 5
1668,金石新成长一号,金石投资,复合策略,"0.8589
2017-10-27",-9.80%,0.37%,--,--,2out of 5
1669,无花果量化对冲十一号,无花果,相对价值,"1.0539
2017-10-27",3.89%,0.37%,--,--,3out of 5
1670,鹏华资产富善汇远量化定增,富善投资,事件驱动,"1.0970
2017-10-27",9.40%,0.37%,--,--,Not provided
1671,长安信托-稳健94号,豪山投资,固定收益,"1.0160
2017-10-13",1.22%,0.37%,--,--,Not provided
1672,思晔多策略对冲1号,思晔投资,相对价值,"0.9850
2017-09-29",-1.50%,0.37%,--,--,Not provided
1673,垒土崆峒二号,垒土投资,复合策略,"1.0154
2017-10-20",1.37%,0.37%,--,--,Not provided
1674,君信康富3号,君信投资,管理期货,"1.0460
2017-10-27",9.60%,0.37%,--,--,Not provided
1675,红树林昂立对冲,红树林投资,复合策略,"1.1250
2017-10-10",10.20%,0.36%,--,--,4out of 5
1676,金域股指量化1号,金域蓝湾,管理期货,"1.0028
2017-10-13",-0.14%,0.36%,--,--,Not provided
1677,永禧财通FOF2号,永禧投资,组合策略,"1.0589
2017-10-27",2.68%,0.36%,--,--,Not provided
1678,元普定增12号,元普投资,事件驱动,"0.9603
2017-10-27",-2.53%,0.36%,--,--,Not provided
1679,盘古3号,宁波宁聚,复合策略,"1.0660
2017-10-26",3.09%,0.36%,--,--,2out of 5
1680,领望对偶5期,领望投资,管理期货,"1.0009
2017-10-20",0.31%,0.36%,--,--,Not provided
1681,兴业观云鑫安尊享1号,兴佳利业,复合策略,"1.1967
2017-10-27",17.14%,0.36%,--,--,4out of 5
1682,双隆睿福智能量化1号,双隆投资,相对价值,"1.1390
2017-10-23",11.70%,0.36%,--,--,Not provided
1683,青昀分形量化2号,青昀投资,复合策略,"1.0519
2017-10-27",3.31%,0.36%,--,--,Not provided
1684,淘利指数挂钩4期,淘利资产,复合策略,"1.0149
2017-10-20",1.30%,0.36%,--,--,Not provided
1685,钱塘宁聚5号,宁波宁聚,复合策略,"0.9712
2017-10-26",-3.91%,0.36%,--,--,2out of 5
1686,宁聚量化稳盈18期,宁波宁聚,相对价值,"0.9682
2017-10-20",-3.30%,0.35%,--,--,Not provided
1687,外贸信托-银叶投资债券3期,银叶投资,固定收益,"1.0604
2017-10-27",5.74%,0.35%,--,--,4out of 5
1688,系数量化对冲1号,系数股权投资,相对价值,"1.1460
2017-10-13",14.70%,0.35%,--,--,3out of 5
1689,通和进取五期,通和投资,复合策略,"1.2170
2017-10-27",14.70%,0.35%,--,--,3out of 5
1690,兴业观云利通尊享37号,兴佳利业,复合策略,"1.1203
2017-10-27",12.04%,0.35%,--,--,Not provided
1691,众阳曦园三号,众阳投资,复合策略,"0.6471
2017-10-27",-33.33%,0.35%,--,--,1out of 5
1692,重瑞小牛全市场套利,重瑞投资,宏观策略,"0.9924
2017-10-27",-1.17%,0.35%,--,--,3out of 5
1693,量瀛玖安一号纯债,量瀛投资,固定收益,"1.0106
2017-10-13",1.03%,0.34%,--,--,Not provided
1694,牟合资产思源2号,牟合资产,管理期货,"1.1690
2017-10-27",17.00%,0.34%,--,--,5out of 5
1695,兴业观云定增3号,兴佳利业,复合策略,"1.1124
2017-10-27",11.21%,0.34%,--,--,2out of 5
1696,磐厚蔚然-英安,磐厚蔚然,复合策略,"1.5490
2017-10-20",46.40%,0.34%,--,--,Not provided
1697,领新元成6号,领新投资,相对价值,"1.4870
2017-10-25",46.50%,0.34%,--,--,4out of 5
1698,顺道成长一号,应治资产,管理期货,"1.0350
2017-10-27",2.65%,0.34%,--,--,Not provided
1699,永兴量化对冲10号,永兴投资,相对价值,"1.1945
2017-10-20",17.39%,0.34%,--,--,5out of 5
1700,嗣盈2号,嗣盈资产,复合策略,"1.0385
2017-10-27",2.82%,0.34%,--,--,Not provided
1701,合益中财,京智资管,复合策略,"0.8872
2017-10-27",-11.52%,0.34%,--,--,1out of 5
1702,禾润6号,嘉和源资产,组合策略,"1.1850
2017-10-27",18.60%,0.34%,--,--,5out of 5
1703,中经贸融汇1号,中经贸资产,固定收益,"1.0394
2017-09-22",20.37%,0.34%,--,--,2out of 5
1704,彼得明奇量化CTA1号,彼得明奇,管理期货,"1.1910
2017-09-08",19.10%,0.34%,--,--,Not provided
1705,元成莞旗2号,元宋投资,固定收益,"0.9347
2017-10-27",-1.72%,0.34%,--,--,Not provided
1706,兴业理石步步高1号,理石投资,固定收益,"1.4003
2017-09-18",40.03%,0.34%,--,--,1out of 5
1707,合泰滨惠1号,合晟资产,固定收益,"1.0250
2017-10-27",1.63%,0.34%,--,--,Not provided
1708,兴业观云祥瑞45号,兴佳利业,复合策略,"1.0249
2017-10-27",1.91%,0.33%,--,--,Not provided
1709,成阳金晖1号,成阳资产,固定收益,"1.0159
2017-09-22",5.38%,0.33%,--,--,2out of 5
1710,中融信托-通和量化对冲,通和投资,相对价值,"1.0166
2017-10-27",65.38%,0.33%,--,--,2out of 5
1711,奇点混合策略2期,非然奇点,复合策略,"1.2460
2017-10-20",21.60%,0.33%,--,--,Not provided
1712,聚鑫量化一号,紫鑫投资,相对价值,"1.0349
2017-10-20",3.37%,0.33%,--,--,Not provided
1713,征途月月增利3号,征途投资,固定收益,"1.0038
2017-10-27",0.33%,0.33%,--,--,Not provided
1714,阿比特量化对冲翔宇9号,阿比特资本,相对价值,"1.0096
2017-09-29",0.96%,0.33%,--,--,Not provided
1715,长江钜融创睿1号,中海外钜融,固定收益,"1.0470
2017-10-27",4.11%,0.33%,--,--,1out of 5
1716,达仁1号CTA策略,达仁资管,管理期货,"1.0702
2017-10-13",7.34%,0.33%,--,--,2out of 5
1717,红榕静远FOF1号,红榕资本,组合策略,"1.0565
2017-10-13",4.58%,0.33%,--,--,Not provided
1718,海纳百川博普1号,博普科技,相对价值,"0.9270
2017-10-20",-7.40%,0.33%,--,--,2out of 5
1719,杨湜新朴1号,杨湜资产,管理期货,"1.0273
2017-09-29",2.73%,0.32%,--,--,Not provided
1720,万葵稳健2号,万葵资产,固定收益,"1.0983
2017-10-20",9.17%,0.32%,--,--,2out of 5
1721,汇贝2号,汇贝投资,复合策略,"1.0053
2017-10-27",-0.03%,0.32%,--,--,2out of 5
1722,永兴量化对冲5号,永兴投资,相对价值,"1.1419
2017-10-13",13.20%,0.32%,--,--,4out of 5
1723,启元正弘,启元资产,复合策略,"1.0352
2017-10-27",3.28%,0.32%,--,--,Not provided
1724,欧肯格致母基金,欧肯投资,相对价值,"1.0402
2017-10-27",3.73%,0.32%,--,--,3out of 5
1725,千象全景8号,千象资产,复合策略,"1.1151
2017-10-20",13.53%,0.32%,--,--,4out of 5
1726,东航金融-小金牛-固收3号,东航金控,固定收益,"1.0539
2017-10-30",9.55%,0.32%,--,--,3out of 5
1727,知几投资多策略1期1号,知几资产,复合策略,"1.3040
2017-10-27",27.50%,0.31%,--,--,5out of 5
1728,宁聚满天星2期,宁波宁聚,相对价值,"1.2880
2017-10-27",27.80%,0.31%,--,--,2out of 5
1729,北部湾类定增1号,北部湾资管,事件驱动,"1.0029
2017-09-29",10.34%,0.31%,--,--,Not provided
1730,昊嘉众星拱月1号,昊嘉投资,复合策略,"1.1105
2017-10-20",10.34%,0.31%,--,--,5out of 5
1731,南华成长,惟盈投资,复合策略,"0.9099
2017-10-27",-8.93%,0.31%,--,--,Not provided
1732,汇贝宏观对冲3号,汇贝投资,宏观策略,"0.9810
2017-10-27",-2.40%,0.31%,--,--,Not provided
1733,量函智金多策略对冲1号,量函投资,复合策略,"0.9609
2017-10-20",-2.40%,0.31%,--,--,Not provided
1734,七禾言起2号,言起投资,组合策略,"1.1463
2017-10-20",14.44%,0.31%,--,--,Not provided
1735,元鑫莲花恒源2号,元鑫资本,复合策略,"1.1017
2017-10-27",7.92%,0.31%,--,--,3out of 5
1736,宁聚暨阳1号,宁波宁聚,复合策略,"0.9956
2017-10-27",-1.88%,0.31%,--,--,2out of 5
1737,邦孚双引擎2号,邦孚资产,组合策略,"0.9820
2017-09-29",-1.80%,0.31%,--,--,2out of 5
1738,橘颂溢盛1号,橘颂资产,复合策略,"0.9820
2017-09-06",-1.80%,0.31%,--,--,Not provided
1739,利位工行债券对冲1号,利位投资,固定收益,"1.3260
2017-10-26",32.30%,0.30%,--,--,Not provided
1740,紫气东来一号,东方之舟投资,复合策略,"0.9941
2017-10-13",-4.04%,0.30%,--,--,2out of 5
1741,中欧盛世国金创新三原色2号2期,国金创新,组合策略,"1.0640
2017-10-13",6.04%,0.30%,--,--,3out of 5
1742,思晔多策略G期1号,思晔投资,宏观策略,"1.0649
2017-09-29",6.49%,0.30%,--,--,Not provided
1743,泳慕资产CTA4号,泳慕资产,管理期货,"1.0630
2017-10-27",0.20%,0.30%,--,--,Not provided
1744,兴业观云祥泽尊享,兴佳利业,复合策略,"1.0742
2017-10-27",6.97%,0.30%,--,--,Not provided
1745,磐京佳盈8号,磐京基金,复合策略,"1.0170
2017-10-27",0.30%,0.30%,--,--,Not provided
1746,执润1号,千为投资,固定收益,"1.0060
2017-10-13",0.30%,0.30%,--,--,Not provided
1747,泳慕资产CTA3号,泳慕资产,管理期货,"1.0630
2017-10-27",0.30%,0.30%,--,--,Not provided
1748,优粤14号2期中融景诚优选债券,中融景诚,固定收益,"1.0061
2017-10-20",0.82%,0.30%,--,--,Not provided
1749,正则2期,领望投资,管理期货,"1.0190
2017-10-20",1.10%,0.30%,--,--,Not provided
1750,兴业观云金元润元69号,兴佳利业,复合策略,"1.0167
2017-10-27",1.22%,0.30%,--,--,Not provided
1751,骏泽平衡1号,骏泽投资,复合策略,"1.0170
2017-10-27",1.30%,0.30%,--,--,Not provided
1752,四川信托-艾亿新融稳赢债券投资,艾亿新融,固定收益,"1.0200
2017-10-20",1.80%,0.30%,--,--,Not provided
1753,红土资产现金管理1号,红土资产,固定收益,"1.0190
2017-10-20",1.90%,0.30%,--,--,Not provided
1754,鸿凯42号,鸿凯投资,管理期货,"1.0910
2017-10-13",1.90%,0.30%,--,--,Not provided
1755,对偶1期,领望投资,管理期货,"1.0099
2017-10-27",2.19%,0.29%,--,--,Not provided
1756,冲和长胜7号,冲和资产,相对价值,"1.0240
2017-09-22",2.40%,0.29%,--,--,Not provided
1757,达仁米尔肯1号,达仁资管,固定收益,"1.0270
2017-10-13",2.60%,0.29%,--,--,Not provided
1758,海晟半山1号,合晟资产,固定收益,"1.0330
2017-10-27",2.90%,0.29%,--,--,Not provided
1759,中投骏和聚启元1号,聚启元,复合策略,"1.0380
2017-10-10",2.90%,0.29%,--,--,Not provided
1760,排排网MOM多策略精选2期,排排网投资,组合策略,"1.0330
2017-10-27",3.00%,0.29%,--,--,Not provided
1761,橡杉量化对冲一号,橡杉资产,管理期货,"1.0430
2017-10-27",3.20%,0.29%,--,--,Not provided
1762,起航达润三号,达润资产,复合策略,"1.0310
2017-10-13",3.40%,0.29%,--,--,3out of 5
1763,元鑫莲花私银家族5号,元鑫资本,复合策略,"1.0735
2017-10-27",6.94%,0.29%,--,--,4out of 5
1764,中融鼎新定增组合类,中融鼎新投资,事件驱动,"1.0701
2017-09-29",7.01%,0.29%,--,--,Not provided
1765,庐雍绝对优势11号,庐雍资产,复合策略,"1.0030
2017-09-29",0.30%,0.29%,--,--,Not provided
1766,博普稳增1号,博普科技,相对价值,"1.0430
2017-10-20",4.10%,0.29%,--,--,4out of 5
1767,征途-宗略稳市债1号,征途投资,固定收益,"1.0138
2017-10-27",9.73%,0.29%,--,--,3out of 5
1768,富善优享3号,富善投资,相对价值,"1.3590
2017-10-27",39.50%,0.29%,--,--,2out of 5
1769,双隆-隆泽1号,双隆投资,固定收益,"1.0077
2017-10-23",1.11%,0.29%,--,--,Not provided
1770,海鑫资产稳健收益1号,海鑫资产,固定收益,"1.0570
2017-10-25",5.50%,0.29%,--,--,3out of 5
1771,申毅多策略量化套利7号,申毅投资,相对价值,"1.0650
2017-10-20",5.80%,0.28%,--,--,4out of 5
1772,泓湖稳宏,泓湖投资,宏观策略,"0.9586
2017-10-20",-4.75%,0.28%,--,--,Not provided
1773,显德FOF同盈1期,显德资产,组合策略,"1.0570
2017-10-24",6.00%,0.28%,--,--,Not provided
1774,万杉红岸量化对冲1号,万杉资本,复合策略,"1.0590
2017-10-27",6.30%,0.28%,--,--,Not provided
1775,融义进取3号FOF,上海融义,组合策略,"0.7100
2017-10-20",-29.00%,0.28%,--,--,1out of 5
1776,华溢金星,华溢资产,固定收益,"1.0650
2017-10-20",6.60%,0.28%,--,--,2out of 5
1777,丰衍财富与日聚金,丰衍财富,相对价值,"1.0750
2017-10-27",6.80%,0.28%,--,--,5out of 5
1778,兴业观云骏驹2号,兴佳利业,复合策略,"1.0715
2017-10-27",6.89%,0.28%,--,--,Not provided
1779,风起六号,蜂起资本,固定收益,"1.0710
2017-10-09",7.00%,0.28%,--,--,5out of 5
1780,中信信托-宁聚常青藤1期,宁波宁聚,相对价值,"0.9287
2017-10-27",17.89%,0.28%,--,--,2out of 5
1781,国金慧睿多策略-量道5号,量道投资,复合策略,"1.0828
2017-10-27",7.44%,0.28%,--,--,Not provided
1782,惟盈智选5号,惟盈投资,复合策略,"0.8993
2017-10-27",-9.84%,0.28%,--,--,1out of 5
1783,西部期货-景唐多策略3号,景唐投资,固定收益,"1.0554
2017-10-26",4.57%,0.28%,--,--,Not provided
1784,国金慧睿多策略-量道4号,量道投资,复合策略,"1.0244
2017-10-27",1.74%,0.28%,--,--,Not provided
1785,新富增强指数基金三期,前海新富资本,管理期货,"1.0870
2017-10-09",9.30%,0.28%,--,--,3out of 5
1786,金丰龙一期,枫桥林资产,复合策略,"1.1060
2017-10-13",9.60%,0.27%,--,--,Not provided
1787,淘利策略指数进取6号,淘利资产,管理期货,"1.4148
2017-10-20",38.94%,0.27%,--,--,4out of 5
1788,永禧财通玉龙FOF2号,永禧投资,组合策略,"1.0538
2017-10-27",2.53%,0.27%,--,--,Not provided
1789,永兴量化对冲,永兴投资,相对价值,"1.0416
2017-10-20",2.67%,0.27%,--,--,4out of 5
1790,垒土崆峒1号,垒土投资,复合策略,"1.0985
2017-10-20",10.09%,0.27%,--,--,4out of 5
1791,元鑫莲花恒源6号,元鑫资本,复合策略,"1.0681
2017-10-27",6.47%,0.27%,--,--,Not provided
1792,禾晟源定增1号,禾晟源投资,事件驱动,"1.1030
2017-09-15",10.30%,0.27%,--,--,Not provided
1793,余道激进1号,余道投资,复合策略,"1.1591
2017-10-20",42.63%,0.27%,--,--,5out of 5
1794,紫熙对冲7号,南京紫熙投资,管理期货,"1.1100
2017-09-08",11.00%,0.27%,--,--,4out of 5
1795,圆融进取13号,圆融投资,管理期货,"1.0992
2017-10-30",7.94%,0.27%,--,--,Not provided
1796,盈峰宏观动力量化对冲1号,盈峰资本,宏观策略,"1.0160
2017-10-13",0.72%,0.27%,--,--,Not provided
1797,汇融期权2号,汇智融达,复合策略,"0.9560
2017-10-20",-6.37%,0.27%,--,--,Not provided
1798,因诺启航1号,因诺资产,复合策略,"2.0311
2017-10-20",104.07%,0.27%,--,--,5out of 5
1799,博弈树3号基金,博弈树投资,复合策略,"0.7650
2017-10-27",-24.10%,0.26%,--,--,Not provided
1800,富善致远CTA八期,富善投资,管理期货,"1.5300
2017-09-29",53.00%,0.26%,--,--,3out of 5
1801,中信建投-工银量化恒盛精选E类4期,银叶投资,固定收益,"1.0743
2017-10-13",7.18%,0.26%,--,--,3out of 5
1802,兴业观云骏驹6号,兴佳利业,复合策略,"1.0547
2017-10-27",4.91%,0.26%,--,--,Not provided
1803,米多资舟瑞丰贰号,深圳资舟资产,组合策略,"1.0146
2017-09-22",1.46%,0.26%,--,--,Not provided
1804,社润成长基金,社润投资,管理期货,"3.1092
2017-09-29",210.92%,0.25%,--,--,2out of 5
1805,中金富海债券基金,中金富海投资,固定收益,"1.0769
2017-09-25",7.69%,0.25%,--,--,Not provided
1806,征途月月增利1号,征途投资,固定收益,"1.0423
2017-10-27",3.74%,0.25%,--,--,Not provided
1807,兴业观云金元丹枫家族48号,兴佳利业,复合策略,"1.0492
2017-10-27",3.98%,0.25%,--,--,Not provided
1808,雍良六号,中仁资产,复合策略,"1.0159
2017-10-13",0.61%,0.25%,--,--,Not provided
1809,无花果量化对冲9号,无花果,相对价值,"1.0810
2017-10-20",5.12%,0.25%,--,--,4out of 5
1810,金汇鼎圣-量子A,金汇鼎圣,管理期货,"0.8173
2017-09-15",-18.27%,0.25%,--,--,2out of 5
1811,百泉一号,百泉投资,相对价值,"1.0889
2017-10-20",8.48%,0.24%,--,--,2out of 5
1812,惟盈智选9号,惟盈投资,管理期货,"0.8996
2017-10-27",-9.72%,0.24%,--,--,Not provided
1813,兴业观云铂悦36号,兴佳利业,复合策略,"1.1124
2017-10-20",11.18%,0.24%,--,--,3out of 5
1814,兴业观云创元1号,兴佳利业,复合策略,"1.0335
2017-10-27",2.98%,0.24%,--,--,Not provided
1815,悟源持赢二号,悟源资产,复合策略,"1.1047
2017-10-27",11.24%,0.24%,--,--,Not provided
1816,量化博通一号,应治资产,复合策略,"1.0127
2017-10-27",0.06%,0.24%,--,--,Not provided
1817,兴业观云宁扬尊享18号,兴佳利业,复合策略,"1.0493
2017-10-27",4.62%,0.24%,--,--,Not provided
1818,景曦七期,中融景诚,固定收益,"1.0220
2017-10-20",1.55%,0.24%,--,--,Not provided
1819,富善致远CTA七期,富善投资,管理期货,"1.6680
2017-10-27",69.60%,0.24%,--,--,3out of 5
1820,颖晖2号,牟合资产,管理期货,"1.0738
2017-10-27",6.53%,0.24%,--,--,3out of 5
1821,北方信托-千为固收一期,千为投资,固定收益,"1.0213
2017-10-27",2.44%,0.23%,--,--,Not provided
1822,五矿信托-千为2号债券,千为投资,固定收益,"1.0271
2017-10-27",2.44%,0.23%,--,--,Not provided
1823,星瀚量化先锋,星瀚投资,复合策略,"1.4041
2017-10-23",34.35%,0.23%,--,--,Not provided
1824,元达信-银叶稳赢2号,银叶投资,宏观策略,"1.0471
2017-10-13",4.50%,0.23%,--,--,4out of 5
1825,汇贝纯债1号,汇贝投资,固定收益,"1.0063
2017-10-27",0.23%,0.23%,--,--,Not provided
1826,烜鼎智鑫一号,烜鼎资产,复合策略,"1.0022
2017-10-27",0.75%,0.23%,--,--,3out of 5
1827,长城中担一号,中海外钜融,固定收益,"1.0084
2017-10-27",0.96%,0.23%,--,--,Not provided
1828,兴业观云鑫华尊享,兴佳利业,复合策略,"1.1069
2017-10-27",9.96%,0.23%,--,--,Not provided
1829,盛世康乾十号,盛世资产,相对价值,"1.0180
2017-10-13",1.33%,0.23%,--,--,Not provided
1830,兴业观云尊享39号,兴佳利业,复合策略,"1.0734
2017-10-27",6.03%,0.23%,--,--,Not provided
1831,景唐稳盈3号,景唐投资,固定收益,"1.0123
2017-10-27",1.16%,0.22%,--,--,2out of 5
1832,兴业观云金元红群家族49号,兴佳利业,复合策略,"1.0511
2017-10-27",3.72%,0.22%,--,--,Not provided
1833,睿信宏观对冲4号,睿信投资,宏观策略,"0.9960
2017-10-27",-0.50%,0.22%,--,--,Not provided
1834,睿信宏观对冲3号,睿信投资,宏观策略,"0.9960
2017-10-27",-0.50%,0.22%,--,--,Not provided
1835,海通中略焌祺对冲1期,中略投资,相对价值,"1.0655
2017-10-27",4.40%,0.22%,--,--,Not provided
1836,汇势通华德,汇势通投资,固定收益,"1.0124
2017-10-27",0.27%,0.22%,--,--,Not provided
1837,海厚泰陆号,海厚泰资本,事件驱动,"1.0281
2017-10-27",2.78%,0.21%,--,--,Not provided
1838,冬泉谷量化CTA-1号,冬泉谷投资,管理期货,"0.9370
2017-09-29",-6.30%,0.21%,--,--,Not provided
1839,星和明德1号,三度星和,固定收益,"1.0392
2017-10-20",3.59%,0.21%,--,--,Not provided
1840,永兴量化对冲2号,永兴投资,相对价值,"1.3594
2017-10-20",33.84%,0.21%,--,--,4out of 5
1841,鸣熙中子一号,鸣熙资产,管理期货,"1.0567
2017-10-27",5.70%,0.21%,--,--,Not provided
1842,紫金国道拾麦29号,国道基金,复合策略,"1.0510
2017-10-27",1.01%,0.21%,--,--,Not provided
1843,合晟债券鑫泰1号,合晟资产,固定收益,"1.0000
2017-10-27",6.34%,0.21%,--,--,Not provided
1844,金犇量化对冲1号,金犇投资,相对价值,"0.9820
2017-10-20",-3.10%,0.21%,--,--,2out of 5
1845,博孚利聚强2号FOF私募证券投资基金,博孚利,组合策略,"0.9740
2017-09-29",4.22%,0.21%,--,--,2out of 5
1846,国道量化进取2号,国道基金,复合策略,"1.0343
2017-10-27",2.37%,0.21%,--,--,2out of 5
1847,居里1号,拉曼资产,管理期货,"1.0266
2017-09-22",2.66%,0.21%,--,--,Not provided
1848,欧肯格致1号,欧肯投资,相对价值,"0.9822
2017-10-27",27.41%,0.20%,--,--,2out of 5
1849,喆颢资本市场量化母基金,喆颢资产,复合策略,"1.0327
2017-09-29",3.27%,0.20%,--,--,3out of 5
1850,鸣熙原子一号,鸣熙资产,管理期货,"1.0734
2017-10-20",8.65%,0.20%,--,--,Not provided
1851,叁津投顾桥3号,叁津投资,组合策略,"1.0000
2017-10-27",-0.30%,0.20%,--,--,1out of 5
1852,永兴量化对冲11号,永兴投资,相对价值,"1.0090
2017-10-20",-0.20%,0.20%,--,--,Not provided
1853,圆融CTA稳健1号,圆融投资,管理期货,"1.0036
2017-10-27",0.20%,0.20%,--,--,Not provided
1854,磐京稳赢10号,磐京基金,复合策略,"1.0160
2017-10-27",0.20%,0.20%,--,--,Not provided
1855,华永信东成三号,华永信资本,管理期货,"1.0050
2017-10-12",0.20%,0.20%,--,--,Not provided
1856,千惠现金添利FOF,千惠资产,组合策略,"1.0050
2017-10-26",0.20%,0.20%,--,--,Not provided
1857,翼丰稳健7号,前海盖德尔,宏观策略,"1.0000
2017-10-20",0.40%,0.20%,--,--,Not provided
1858,中证金元三位一体,信恒慧投资,复合策略,"1.0250
2017-10-27",0.40%,0.20%,--,--,Not provided
1859,野狼博弈冠军3号,鼎信汇金(北京)投资,复合策略,"1.0080
2017-10-27",0.50%,0.20%,--,--,2out of 5
1860,翔云CTA一号,翔云资产,管理期货,"1.0050
2017-09-15",0.50%,0.20%,--,--,Not provided
1861,中成佰信优选8号,中成佰信,相对价值,"0.9940
2017-10-27",0.50%,0.20%,--,--,Not provided
1862,领望对偶7期,领望投资,管理期货,"1.0070
2017-10-27",0.70%,0.20%,--,--,Not provided
1863,领望巴舍里耶5期,领望投资,复合策略,"1.1620
2017-10-27",0.80%,0.20%,--,--,Not provided
1864,天倚道天宏1号,天倚道投资,固定收益,"1.0110
2017-10-20",1.00%,0.20%,--,--,Not provided
1865,天倚道天宏2号,天倚道投资,固定收益,"1.0110
2017-10-20",1.00%,0.20%,--,--,Not provided
1866,天倚道天宏3号,天倚道投资,固定收益,"1.0110
2017-10-20",1.00%,0.20%,--,--,Not provided
1867,紫气东来FOF,本地资本,组合策略,"1.0130
2017-09-29",1.30%,0.20%,--,--,Not provided
1868,中海龙商可交换债2号,龙商资本,固定收益,"1.0160
2017-10-27",1.30%,0.20%,--,--,Not provided
1869,富善致远CTA九期,富善投资,管理期货,"1.4990
2017-10-27",52.10%,0.20%,--,--,3out of 5
1870,广信量化优选1期,泰创投资,复合策略,"1.0230
2017-10-27",1.40%,0.20%,--,--,2out of 5
1871,万葵长有稳健6号,万葵资产,固定收益,"1.0180
2017-10-20",1.50%,0.20%,--,--,Not provided
1872,柒福海润丰5号,海润丰资产,管理期货,"1.0180
2017-09-18",1.80%,0.20%,--,--,Not provided
1873,龙晟可交换债1号,合晟资产,固定收益,"1.0260
2017-10-20",2.20%,0.20%,--,--,Not provided
1874,拾麦汇贝1号,汇贝投资,复合策略,"1.0310
2017-10-27",2.50%,0.20%,--,--,3out of 5
1875,谊恒多品种稳健1号,谊恒股权,复合策略,"1.0290
2017-10-20",22.69%,0.20%,--,--,5out of 5
1876,中海龙商定增12号基金,龙商资本,事件驱动,"1.0300
2017-10-27",2.60%,0.20%,--,--,Not provided
1877,牟合资产方田12号,牟合资产,管理期货,"1.0630
2017-10-27",3.10%,0.19%,--,--,Not provided
1878,万葵月月宝4号,万葵资产,固定收益,"1.0480
2017-10-20",4.40%,0.19%,--,--,Not provided
1879,集信盈智取1号,第二基金,组合策略,"1.0730
2017-10-25",23.85%,0.19%,--,--,4out of 5
1880,兴业观云祥荣1期,兴佳利业,复合策略,"1.0984
2017-10-27",10.07%,0.19%,--,--,Not provided
1881,翔云精细量化7号,翔云资产,相对价值,"0.9978
2017-10-27",-0.10%,0.19%,--,--,Not provided
1882,丰衍财富与日聚金二号,丰衍财富,相对价值,"1.0570
2017-10-27",5.20%,0.19%,--,--,Not provided
1883,中信建投基金-合晟精选1号,合晟资产,固定收益,"1.0610
2017-10-19",5.30%,0.19%,--,--,3out of 5
1884,永兴灵活对冲1号,永兴投资,相对价值,"1.0122
2017-10-13",0.13%,0.19%,--,--,Not provided
1885,嘉实资本-耀之强债1号,耀之基金,固定收益,"1.0680
2017-10-27",6.10%,0.19%,--,--,3out of 5
1886,万葵稳健5号,万葵资产,固定收益,"1.0710
2017-10-20",6.90%,0.19%,--,--,4out of 5
1887,本征基金,领望投资,固定收益,"0.9710
2017-10-27",-3.63%,0.19%,--,--,1out of 5
1888,龙商资本可交换债6号,龙商资本,固定收益,"1.0255
2017-10-20",2.16%,0.19%,--,--,Not provided
1889,惟盈先融,惟盈投资,复合策略,"0.8623
2017-10-27",-13.63%,0.19%,--,--,Not provided
1890,金谷华夏精选,金谷华夏基金,复合策略,"1.1310
2017-10-27",8.40%,0.18%,--,--,3out of 5
1891,蓝海汇赢价值金投一号,蓝海汇赢,复合策略,"0.9892
2017-10-17",-2.44%,0.18%,--,--,2out of 5
1892,融智宇廷进取1号,排排网未来星基金,组合策略,"0.9815
2017-10-20",-2.00%,0.18%,--,--,Not provided
1893,若愚量化阿尔法-拙愚1期,若愚资产,相对价值,"1.0980
2017-10-27",9.60%,0.18%,--,--,3out of 5
1894,凯纳荣耀基金,凯纳资本,相对价值,"1.1040
2017-10-26",24.77%,0.18%,--,--,3out of 5
1895,万杉量化2号,万杉资本,复合策略,"1.0420
2017-10-27",4.52%,0.18%,--,--,Not provided
1896,中信中硕基金,三度星和,复合策略,"7.7540
2017-10-20",674.90%,0.18%,--,--,5out of 5
1897,若愚量化阿尔法_拙愚,若愚资产,相对价值,"1.2213
2017-10-27",21.90%,0.18%,--,--,3out of 5
1898,北方信托-常盈一期债券,泰诚资本,固定收益,"1.0032
2017-10-27",0.49%,0.18%,--,--,2out of 5
1899,益菁汇-菁禾1号,益菁汇资产,组合策略,"1.1350
2017-09-29",13.50%,0.18%,--,--,2out of 5
1900,朴汇一,朴汇志合,复合策略,"1.1580
2017-10-27",14.70%,0.17%,--,--,4out of 5
1901,乐瑞强债10号,乐瑞资产,固定收益,"1.3547
2017-10-27",32.47%,0.17%,--,--,3out of 5
1902,乐瑞强债5号,乐瑞资产,固定收益,"1.7299
2017-10-27",69.26%,0.17%,--,--,3out of 5
1903,久兄长捷鹏1号,久兄长资产,复合策略,"1.1870
2017-10-20",17.00%,0.17%,--,--,4out of 5
1904,兴业观云富民尊享8号,兴佳利业,复合策略,"1.0742
2017-10-27",5.31%,0.17%,--,--,Not provided
1905,光大兴陇信托-明德1号,诣指投资,固定收益,"1.0080
2017-10-20",0.53%,0.17%,--,--,1out of 5
1906,粤财信托-融智潮商组合宝1期,排排网投资,组合策略,"1.7382
2017-10-20",71.58%,0.17%,--,--,3out of 5
1907,涵元天璇量化,涵元资产,复合策略,"1.0024
2017-10-27",1.55%,0.17%,--,--,2out of 5
1908,乾坤德贝,天信汇金,复合策略,"1.1093
2017-10-31",8.83%,0.17%,--,--,Not provided
1909,七禾新宏源一号,七禾新资管,管理期货,"1.1957
2017-10-20",21.54%,0.16%,--,--,Not provided
1910,淳杨睿享6号,淳杨投资,固定收益,"1.0562
2017-09-29",5.62%,0.16%,--,--,Not provided
1911,银河资本-宁聚蒲公英1期,宁波宁聚,相对价值,"1.2460
2017-10-27",24.60%,0.16%,--,--,2out of 5
1912,谦颐优选纯债2号,谦颐资产,固定收益,"1.0664
2017-10-27",6.22%,0.16%,--,--,Not provided
1913,鸿宝稳健二号私募证券投资基金,汉宝投资,固定收益,"1.0014
2017-10-27",0.11%,0.16%,--,--,Not provided
1914,兴业观云金元红群55号,兴佳利业,复合策略,"1.0138
2017-10-27",1.19%,0.16%,--,--,Not provided
1915,华宝信托-申毅对冲1号,申毅投资,相对价值,"1.4789
2017-10-27",47.26%,0.16%,--,--,3out of 5
1916,四正稳健1号,四正资产,管理期货,"1.0252
2017-10-20",2.45%,0.16%,--,--,2out of 5
1917,东航金融-小金牛-固收2号,东航金控,复合策略,"1.1628
2017-10-30",16.21%,0.15%,--,--,3out of 5
1918,星海月月存1号,中子星优财,组合策略,"1.0584
2017-10-20",5.70%,0.15%,--,--,4out of 5
1919,紫金国道拾麦19号,国道基金,复合策略,"1.0490
2017-10-27",0.65%,0.15%,--,--,Not provided
1920,贰拾壹点高频云端1号,贰拾壹点,管理期货,"1.3540
2017-10-13",34.90%,0.15%,--,--,Not provided
1921,牧鑫0号,牧鑫资产,复合策略,"1.1310
2017-10-27",15.60%,0.15%,--,--,4out of 5
1922,中铁宝盈对冲2号,理石投资,复合策略,"0.9700
2017-10-13",-2.97%,0.14%,--,--,Not provided
1923,乐瑞强债2号,乐瑞资产,固定收益,"1.5097
2017-10-27",49.61%,0.14%,--,--,3out of 5
1924,以太多策略平衡一号,浙江以太,复合策略,"0.9809
2017-10-20",-1.26%,0.13%,--,--,Not provided
1925,兴业观云-私银尊享40号,兴佳利业,复合策略,"1.0718
2017-10-27",6.77%,0.13%,--,--,Not provided
1926,乐瑞强债11号,乐瑞资产,固定收益,"1.3286
2017-10-27",29.99%,0.13%,--,--,3out of 5
1927,铨德三号,铨德资产,复合策略,"0.7700
2017-09-14",-23.00%,0.13%,--,--,1out of 5
1928,九轩全景对冲元亨2号,九轩投资,组合策略,"1.0009
2017-10-30",0.24%,0.13%,--,--,Not provided
1929,星火三正3号,星火资本,复合策略,"1.0250
2017-09-08",2.50%,0.13%,--,--,Not provided
1930,动滑轮稳进1号,动滑轮投资,宏观策略,"1.0550
2017-10-20",45.30%,0.13%,--,--,4out of 5
1931,外贸信托-星动力,新方程,组合策略,"1.8851
2017-10-27",86.41%,0.12%,--,--,3out of 5
1932,泓湖稳利宏观策略,泓湖投资,宏观策略,"0.8360
2017-10-20",-16.60%,0.12%,--,--,1out of 5
1933,汇升稳进多策略,汇鸿汇升,复合策略,"1.0069
2017-10-18",6.12%,0.12%,--,--,4out of 5
1934,堃熙多策略2号,堃熙投资,相对价值,"1.1051
2017-09-22",10.51%,0.12%,--,--,4out of 5
1935,中海信托-浦江之星219号,汇势通投资,固定收益,"1.0249
2017-10-20",2.30%,0.12%,--,--,3out of 5
1936,尊嘉FOF进取1号基金,尊嘉资产,组合策略,"0.8550
2017-09-29",-14.50%,0.12%,--,--,1out of 5
1937,兴业观云金元59号,兴佳利业,复合策略,"1.0318
2017-10-27",2.76%,0.12%,--,--,Not provided
1938,维万投资多策略二号,维万投资,复合策略,"0.9436
2017-10-27",37.64%,0.12%,--,--,4out of 5
1939,元鑫莲花普照,元鑫资本,复合策略,"1.1346
2017-10-27",13.28%,0.11%,--,--,3out of 5
1940,兴业观云季增长,兴佳利业,复合策略,"1.0497
2017-10-27",4.97%,0.11%,--,--,Not provided
1941,因诺启航2号,因诺资产,复合策略,"2.0965
2017-10-20",110.81%,0.11%,--,--,4out of 5
1942,厦门信托-恒天紫鑫一号,紫鑫投资,组合策略,"0.8071
2017-10-20",84.80%,0.11%,--,--,3out of 5
1943,尚艺星云1号,尚艺投资,复合策略,"1.1341
2017-09-06",13.41%,0.11%,--,--,5out of 5
1944,茂典9号,茂典资产,固定收益,"1.8010
2017-10-26",79.80%,0.11%,--,--,5out of 5
1945,昊宸鼎鑫六号,昊宸资产,事件驱动,"1.3810
2017-10-27",26.72%,0.11%,--,--,Not provided
1946,西域前海阳光1号,前海西域投资,复合策略,"0.8940
2017-10-27",-9.30%,0.11%,--,--,1out of 5
1947,汇贝固收增强6号,汇贝投资,复合策略,"1.0109
2017-10-27",-0.22%,0.11%,--,--,3out of 5
1948,前海卓亿稳健1号,卓亿基金,复合策略,"0.8780
2017-10-27",5.07%,0.11%,--,--,2out of 5
1949,大成创新-光大绝对,大岩资本,相对价值,"0.9080
2017-10-20",-9.00%,0.11%,--,--,1out of 5
1950,泰融1期,中融景诚,固定收益,"0.9961
2017-10-20",0.09%,0.11%,--,--,1out of 5
1951,海通泓湖宏观策略,泓湖投资,宏观策略,"0.9420
2017-10-20",-7.20%,0.11%,--,--,3out of 5
1952,千为前轩强债壹号,千为投资,固定收益,"1.0222
2017-09-08",24.32%,0.11%,--,--,5out of 5
1953,赢操盘1号,在赢资产,管理期货,"0.9490
2017-10-13",-6.00%,0.11%,--,--,Not provided
1954,九逸新鑫量化5号,九逸资产,相对价值,"1.1686
2017-10-27",13.97%,0.11%,--,--,5out of 5
1955,盈创致远,盈创世纪,复合策略,"0.9560
2017-10-27",-4.30%,0.10%,--,--,2out of 5
1956,世祖量化对冲十二号,世祖资产,管理期货,"0.9580
2017-10-20",-3.40%,0.10%,--,--,Not provided
1957,凯纳量化达鑫1号,凯纳资本,管理期货,"0.9760
2017-10-26",-2.90%,0.10%,--,--,2out of 5
1958,恒翔鸿展尊享壹号,恒翔基金,复合策略,"0.9800
2017-09-29",-2.00%,0.10%,--,--,2out of 5
1959,正前方债券成长18号,正前方基金,固定收益,"0.9850
2017-09-29",-1.50%,0.10%,--,--,Not provided
1960,惠丰财富策略2号,惠丰资产,相对价值,"1.1059
2017-10-27",8.38%,0.10%,--,--,Not provided
1961,恒德资本多策略MOM2号,恒昌弘德资产,组合策略,"0.9790
2017-10-27",3.43%,0.10%,--,--,1out of 5
1962,牟合资产方田8号,牟合资产,管理期货,"0.9910
2017-10-27",-0.70%,0.10%,--,--,Not provided
1963,安爵金柏汇一号,安爵资产,复合策略,"0.9980
2017-10-13",-0.20%,0.10%,--,--,Not provided
1964,野狼博弈冠军6号,鼎信汇金(北京)投资,复合策略,"1.0080
2017-10-27",0.00%,0.10%,--,--,3out of 5
1965,映雪特殊机会1号,映雪资本,固定收益,"1.0000
2017-10-23",0.00%,0.10%,--,--,Not provided
1966,景唐多策略12号,景唐投资,固定收益,"1.0801
2017-10-27",8.12%,0.10%,--,--,3out of 5
1967,友山天璐二号,友山基金,组合策略,"1.0010
2017-09-29",0.10%,0.10%,--,--,Not provided
1968,北方信托-JH景唐1号,景唐投资,固定收益,"0.9997
2017-10-27",0.09%,0.10%,--,--,Not provided
1969,千惠现金增利FOF,千惠资产,组合策略,"1.0020
2017-10-27",0.10%,0.10%,--,--,Not provided
1970,金塔债券稳赢6号,金塔投资,固定收益,"1.0026
2017-10-27",0.14%,0.10%,--,--,Not provided
1971,执润2号,千为投资,固定收益,"1.0030
2017-10-13",0.10%,0.10%,--,--,Not provided
1972,万霁长虹二号,万霁资产,复合策略,"1.0274
2017-10-27",0.10%,0.10%,--,--,Not provided
1973,添益二号,海之帆投资,复合策略,"1.0750
2017-10-27",0.10%,0.10%,--,--,Not provided
1974,念空安泰多策略2号,呈瑞投资,复合策略,"1.0010
2017-10-13",0.20%,0.10%,--,--,Not provided
1975,冲和长胜10号,冲和资产,相对价值,"1.0060
2017-10-27",0.20%,0.10%,--,--,Not provided
1976,牟合资产方田9号,牟合资产,管理期货,"1.0010
2017-10-27",0.50%,0.10%,--,--,Not provided
1977,上海六禾嘉利,六禾投资,组合策略,"1.0060
2017-10-20",0.50%,0.10%,--,--,Not provided
1978,聚信聚宁1号量化FOF,鼎信汇金(北京)投资,组合策略,"1.0120
2017-10-30",0.50%,0.10%,--,--,Not provided
1979,每利-日鑫债券优选,每利投资,固定收益,"1.0060
2017-09-29",0.60%,0.10%,--,--,Not provided
1980,深梧寻珍2号,深梧资产,复合策略,"0.9900
2017-10-24",0.70%,0.10%,--,--,Not provided
1981,舒克-汇安嘉斐1号全天候FOF,舒克资产,组合策略,"1.0130
2017-10-30",0.90%,0.10%,--,--,Not provided
1982,正前方债券成长16号,正前方基金,固定收益,"1.0100
2017-09-29",1.00%,0.10%,--,--,Not provided
1983,涵德量化10号,涵德投资,相对价值,"1.0110
2017-09-15",1.10%,0.10%,--,--,3out of 5
1984,龙商资本可交换债,龙商资本,固定收益,"1.0180
2017-10-27",1.40%,0.10%,--,--,Not provided
1985,合晟金享债券,合晟资产,固定收益,"1.0160
2017-10-19",1.50%,0.10%,--,--,Not provided
1986,翼丰胜因1号,翼丰投资,固定收益,"1.0170
2017-09-29",1.70%,0.10%,--,--,3out of 5
1987,万葵长有稳健2号,万葵资产,固定收益,"1.0210
2017-10-20",1.80%,0.10%,--,--,Not provided
1988,瑞华-富善CTA,排排网未来星基金,管理期货,"1.0250
2017-10-20",2.60%,0.10%,--,--,Not provided
1989,冲和长胜3号,冲和资产,相对价值,"1.0280
2017-09-22",2.80%,0.10%,--,--,Not provided
1990,善盈众信偏债型,善盈投资,固定收益,"1.0410
2017-10-27",3.10%,0.10%,--,--,Not provided
1991,宽河精选稳健一期,宽河投资,复合策略,"1.0534
2017-10-27",3.73%,0.10%,--,--,4out of 5
1992,振华刘宏对冲1号,好菜鸟投资,复合策略,"1.0480
2017-10-20",17.76%,0.10%,--,--,4out of 5
1993,藏元精选FOF2号,金藏元,组合策略,"1.0570
2017-10-20",4.30%,0.10%,--,--,Not provided
1994,丰衍财富与日聚金一号,丰衍财富,相对价值,"1.0490
2017-10-27",4.40%,0.10%,--,--,4out of 5
1995,盛冠达宏观对冲一期,盛冠达资产,宏观策略,"1.0420
2017-10-20",4.70%,0.10%,--,--,Not provided
1996,红土资产套利1号,红土资产,相对价值,"1.0450
2017-10-20",4.90%,0.10%,--,--,Not provided
1997,新富量化新动能6号,前海新富资本,相对价值,"1.0430
2017-10-27",4.90%,0.10%,--,--,Not provided
1998,核心资本指数加强三号,核心资本,复合策略,"1.0580
2017-10-20",6.00%,0.09%,--,--,Not provided
1999,长安信托-乐瑞强债1号,乐瑞资产,固定收益,"1.4229
2017-10-27",91.54%,0.09%,--,--,4out of 5
2000,外贸信托-格上精选1期,格上理财,组合策略,"1.6306
2017-10-27",60.74%,0.09%,--,--,4out of 5
2001,紫升文丰贰期,紫升资产,复合策略,"1.0792
2017-10-27",7.61%,0.09%,--,--,Not provided
2002,弥伦量化一号,弥伦基金,管理期货,"1.0220
2017-10-31",72.91%,0.09%,--,--,4out of 5
2003,国道同享2号,国道基金,复合策略,"1.1000
2017-10-27",10.00%,0.09%,--,--,Not provided
2004,海银合晟1号,合晟资产,固定收益,"1.1080
2017-10-19",10.40%,0.09%,--,--,3out of 5
2005,征途月月增利6号,征途投资,固定收益,"1.0003
2017-10-27",0.09%,0.09%,--,--,Not provided
2006,航长强债3号,航长投资,固定收益,"1.0051
2017-10-27",0.09%,0.09%,--,--,Not provided
2007,巴舍里耶2期,领望投资,复合策略,"1.0102
2017-10-27",0.61%,0.09%,--,--,Not provided
2008,石岭阿尔卑斯一号,石岭资产,管理期货,"1.1060
2017-10-25",12.30%,0.09%,--,--,Not provided
2009,北方信托-千为固收五期,千为投资,复合策略,"1.0094
2017-10-27",1.49%,0.09%,--,--,Not provided
2010,益菁汇-菁禾2号,益菁汇资产,组合策略,"1.1300
2017-09-29",13.00%,0.09%,--,--,4out of 5
2011,宇迪乾睿稳增长3号,宇迪投资,相对价值,"1.0302
2017-10-13",2.45%,0.09%,--,--,2out of 5
2012,涌乐泉2期,平安海阔,复合策略,"1.0721
2017-10-20",4.18%,0.09%,--,--,Not provided
2013,外贸信托-稳进12期尊嘉,尊嘉资产,相对价值,"0.9552
2017-09-29",-4.48%,0.08%,--,--,1out of 5
2014,顺势稳赢1号,因诺资产,复合策略,"1.0743
2017-10-20",7.82%,0.08%,--,--,4out of 5
2015,衍盛绝对收益,衍盛资产管理,相对价值,"1.2450
2017-10-27",30.79%,0.08%,--,--,3out of 5
2016,尖沣投资-私募学院菁英328号,尖沣投资,复合策略,"1.0100
2017-10-27",0.44%,0.08%,--,--,Not provided
2017,维万投资众赢稳健多策略,维万投资,组合策略,"0.9823
2017-10-27",0.64%,0.08%,--,--,Not provided
2018,森淼优选3号,森淼资本,相对价值,"1.0140
2017-10-27",0.71%,0.08%,--,--,Not provided
2019,辉毅12号,申毅投资,相对价值,"1.0198
2017-10-20",1.32%,0.08%,--,--,Not provided
2020,东方汇智-光大博普套利1号,博普科技,相对价值,"1.2683
2017-10-20",27.50%,0.08%,--,--,2out of 5
2021,冠石聚富二号,冠石资产,固定收益,"1.2800
2017-09-06",28.00%,0.08%,--,--,2out of 5
2022,艾方多策略灵活对冲6号,艾方资产,相对价值,"1.0554
2017-10-20",5.17%,0.08%,--,--,2out of 5
2023,星辰之泓湖宏观策略,泓湖投资,宏观策略,"0.9419
2017-10-20",-6.19%,0.07%,--,--,3out of 5
2024,兴业观云16号,兴佳利业,复合策略,"1.0648
2017-10-27",8.29%,0.07%,--,--,Not provided
2025,富善致远云顶5号CTA,深圳金斧子资本,管理期货,"0.9747
2017-09-29",-2.53%,0.07%,--,--,Not provided
2026,富善致远CTA十一期,富善投资,管理期货,"1.3960
2017-09-29",39.60%,0.07%,--,--,3out of 5
2027,乐瑞宏观配置1号,乐瑞资产,宏观策略,"3.7945
2017-10-27",255.00%,0.07%,--,--,3out of 5
2028,演绎美好旗舰,美好投资,复合策略,"1.1393
2017-10-20",15.80%,0.07%,--,--,4out of 5
2029,兴业观云骏驹1号,兴佳利业,复合策略,"1.0914
2017-10-27",9.34%,0.06%,--,--,4out of 5
2030,渤海信托-合信双翼2号,合信投资,固定收益,"0.9988
2017-10-10",-0.12%,0.06%,--,--,Not provided
2031,福钥2号,明湾资产,复合策略,"1.0016
2017-10-27",0.11%,0.06%,--,--,3out of 5
2032,集信盈悦享一号,领新投资,复合策略,"1.0443
2017-10-27",2.33%,0.06%,--,--,Not provided
2033,外贸信托-淘利多策略量化套利5号,淘利资产,相对价值,"1.1260
2017-10-27",12.75%,0.05%,--,--,1out of 5
2034,厦门信托-紫鑫三号,紫鑫投资,组合策略,"0.9533
2017-10-20",68.61%,0.05%,--,--,3out of 5
2035,国泰1号,国泰集商(北京)投资,固定收益,"1.0200
2017-09-11",2.00%,0.05%,--,--,2out of 5
2036,星辰之双隆多策略证券投资基金,双隆投资,复合策略,"1.0205
2017-09-29",2.05%,0.05%,--,--,3out of 5
2037,绿苗磐固债券型2号,绿苗磐固,固定收益,"1.0409
2017-10-27",10.17%,0.05%,--,--,2out of 5
2038,乐瑞宏观配置8号,乐瑞资产,宏观策略,"1.0122
2017-10-27",30.22%,0.04%,--,--,3out of 5
2039,聚鑫量化二号,紫鑫投资,相对价值,"0.9983
2017-10-27",-0.03%,0.04%,--,--,Not provided
2040,征途强债1号,征途投资,固定收益,"1.0095
2017-10-27",0.04%,0.04%,--,--,Not provided
2041,成阳金晖3号,成阳资产,固定收益,"1.0208
2017-09-08",5.54%,0.04%,--,--,5out of 5
2042,本征-国金财富债券量化二期,领望投资,固定收益,"0.9502
2017-10-27",-5.44%,0.03%,--,--,1out of 5
2043,领望对偶2期,领望投资,管理期货,"0.9574
2017-10-27",-3.68%,0.03%,--,--,Not provided
2044,阿比特量化对冲腾飞9号,阿比特资本,复合策略,"0.9898
2017-09-06",-1.02%,0.03%,--,--,Not provided
2045,淘利多策略量化套利8号,淘利资产,相对价值,"1.0291
2017-10-13",2.72%,0.03%,--,--,2out of 5
2046,天汇达定增1号,天道对冲,事件驱动,"1.0601
2017-10-23",6.21%,0.03%,--,--,Not provided
2047,兴业观云祥瑞21号,兴佳利业,复合策略,"1.1173
2017-10-27",10.28%,0.03%,--,--,5out of 5
2048,华宝信托-艾方多策略对冲套利1期,艾方资产,相对价值,"2.1717
2017-10-20",110.55%,0.02%,--,--,2out of 5
2049,衍航11号,衍航投资,宏观策略,"0.8655
2017-10-20",-13.39%,0.02%,--,--,Not provided
2050,工银量化恒盛精选E类27期,圆融投资,复合策略,"1.0393
2017-10-27",3.75%,0.02%,--,--,Not provided
2051,正前方债券成长8号,正前方金服,固定收益,"0.9818
2017-09-29",-1.82%,0.01%,--,--,Not provided
2052,恒盛精选A类26期,量道投资,复合策略,"0.9926
2017-09-29",-0.74%,0.01%,--,--,Not provided
2053,宽投明阳量化,宽投资产,复合策略,"0.9958
2017-10-20",-0.44%,0.01%,--,--,Not provided
2054,诚和昌财富创新一号,诚和昌,复合策略,"0.9984
2017-10-27",0.02%,0.01%,--,--,Not provided
2055,中海信托-海洋之星39号三期,赞庚投资,固定收益,"1.0089
2017-10-20",5.25%,0.01%,--,--,4out of 5
2056,中海信托-浦江之星220号,汇势通投资,固定收益,"1.0278
2017-10-27",2.39%,0.01%,--,--,3out of 5
2057,月月赢麒麟财富8号1期,量胜资产,相对价值,"1.0430
2017-09-18",4.30%,0.01%,--,--,4out of 5
2058,兴业观云私银量化15号,兴佳利业,复合策略,"1.1482
2017-10-27",15.26%,0.01%,--,--,2out of 5
2059,富善优享5号,富善投资,相对价值,"1.3970
2017-10-27",40.20%,0.00%,--,--,3out of 5
2060,泽芯8号,三度星和,固定收益,"1.0570
2017-10-20",14.67%,0.00%,--,--,3out of 5
2061,博普量化阿尔法5号,博普科技,相对价值,"1.0906
2017-10-20",9.10%,0.00%,--,--,4out of 5
2062,摩旗多因子阿尔法量化9号,摩旗投资,相对价值,"1.0620
2017-09-29",6.20%,0.00%,--,--,4out of 5
2063,源实-硅谷天堂定增1号,源实资产,事件驱动,"0.9730
2017-09-15",-2.70%,0.00%,--,--,Not provided
2064,白鹭投资进取一期,白鹭投资,相对价值,"1.9480
2017-10-12",94.80%,0.00%,--,--,4out of 5
2065,胜诺尊享1号,胜诺投资,复合策略,"0.9560
2017-09-28",-4.40%,0.00%,--,--,5out of 5
2066,恩宝芝麻1号,恩宝资产,复合策略,"1.1710
2017-10-13",14.60%,0.00%,--,--,4out of 5
2067,天添利1号,东航金控,固定收益,"1.0000
2017-10-30",0.00%,0.00%,--,--,1out of 5
2068,水星高收益债券1号,易禾水星,固定收益,"1.4190
2017-10-26",41.80%,0.00%,--,--,3out of 5
2069,宇纳定增北斗鑫四号,宇纳投资,事件驱动,"0.9260
2017-10-27",-7.40%,0.00%,--,--,Not provided
2070,债权稳健一号,建银嘉华投资,固定收益,"1.0010
2017-10-27",0.00%,0.00%,--,--,2out of 5
2071,海纳百川盛冠达1号,盛冠达资产,相对价值,"1.0600
2017-10-20",6.00%,0.00%,--,--,3out of 5
2072,中子星-九尾C期大虎商品对冲1号,大虎交易,管理期货,"0.9810
2017-10-27",-1.90%,0.00%,--,--,3out of 5
2073,邦孚海通黄金CPPI策略,邦孚资产,组合策略,"1.0350
2017-09-29",3.50%,0.00%,--,--,4out of 5
2074,牟合资产思源1号,牟合资产,管理期货,"1.0910
2017-10-27",9.20%,0.00%,--,--,4out of 5
2075,私募工场意识之光,斯诺波投资,复合策略,"1.2490
2017-10-19",21.10%,0.00%,--,--,4out of 5
2076,迎睿聚牛3号,迎睿基金,复合策略,"1.0110
2017-09-29",1.10%,0.00%,--,--,3out of 5
2077,国时沣岳1号,国时资产,复合策略,"0.9760
2017-10-20",-2.90%,0.00%,--,--,2out of 5
2078,济南凯石兄弟信息技术,中投昆泰,事件驱动,"2.4267
2017-10-23",142.67%,0.00%,--,--,Not provided
2079,嘉实资本大岩定增1号,大岩资本,事件驱动,"0.9580
2017-09-15",-4.20%,0.00%,--,--,Not provided
2080,保稳通宝-银叶稳赢1号,银叶投资,宏观策略,"1.0810
2017-10-13",7.60%,0.00%,--,--,4out of 5
2081,银极稳健,银极资产,相对价值,"1.0950
2017-10-27",9.50%,0.00%,--,--,4out of 5
2082,素璞量化进取一号,素璞资产,复合策略,"0.7199
2017-10-27",-28.01%,0.00%,--,--,1out of 5
2083,新富量化稳盈7号,前海新富资本,相对价值,"1.0090
2017-10-27",0.90%,0.00%,--,--,2out of 5
2084,凯兴恒益1号,凯兴资产,事件驱动,"1.0030
2017-10-20",8.40%,0.00%,--,--,Not provided
2085,中信建投基金-中国梦5期,达仁资管,复合策略,"1.0240
2017-10-13",2.00%,0.00%,--,--,3out of 5
2086,嘉实资本-定增1号,大岩资本,事件驱动,"0.9580
2017-09-15",-4.20%,0.00%,--,--,Not provided
2087,苍石泰然FOF1号,苍石资产,组合策略,"0.9930
2017-10-27",-1.10%,0.00%,--,--,2out of 5
2088,正隆-瑞盈五号,正隆财富,固定收益,"0.9990
2017-10-24",-0.10%,0.00%,--,--,Not provided
2089,巨牛宝稳健一号,广东巨牛投资,复合策略,"0.9970
2017-10-27",-0.30%,0.00%,--,--,Not provided
2090,北京汇银鲁盈,中投昆泰,事件驱动,"1.8119
2017-10-23",81.19%,0.00%,--,--,Not provided
2091,君林天润1号,君林投资,管理期货,"0.9860
2017-10-30",-1.50%,0.00%,--,--,Not provided
2092,友信典盛2号,友山基金,固定收益,"0.9860
2017-09-29",-1.40%,0.00%,--,--,Not provided
2093,朴汇二,朴汇志合,复合策略,"1.0460
2017-10-27",3.20%,0.00%,--,--,Not provided
2094,荣基风量对冲套利1号,荣基投资,管理期货,"1.0510
2017-09-22",5.10%,0.00%,--,--,Not provided
2095,润时三号,润时资产,管理期货,"0.8070
2017-10-20",-19.30%,0.00%,--,--,Not provided
2096,万亿兆2号,万亿兆资产,复合策略,"1.0300
2017-10-26",2.80%,0.00%,--,--,Not provided
2097,润时五号,润时资产,管理期货,"0.8280
2017-10-20",-17.10%,0.00%,--,--,Not provided
2098,问道天下宏观对冲1号,问道天下,宏观策略,"1.0060
2017-10-27",19.92%,0.00%,--,--,Not provided
2099,天道稳赢合伙人九号(多策略),天道对冲,组合策略,"1.0630
2017-10-23",4.00%,0.00%,--,--,Not provided
2100,冲和长胜1号,冲和资产,相对价值,"0.9930
2017-09-22",-0.70%,0.00%,--,--,Not provided
2101,冲和长胜9号,冲和资产,相对价值,"1.0310
2017-09-22",3.10%,0.00%,--,--,Not provided
2102,国金华赢-博普阿尔法6号,博普科技,相对价值,"1.0190
2017-10-20",2.00%,0.00%,--,--,Not provided
2103,一米稳健2号,北京一米投资,管理期货,"1.1540
2017-10-27",15.40%,0.00%,--,--,Not provided
2104,冬泉谷量化CTA紫晔,冬泉谷投资,管理期货,"0.8100
2017-09-29",-19.00%,0.00%,--,--,Not provided
2105,冲和长胜8号,冲和资产,相对价值,"0.9960
2017-09-22",-0.40%,0.00%,--,--,Not provided
2106,点金阿尔法2期,艾叶投资,相对价值,"0.9920
2017-09-22",-0.80%,0.00%,--,--,Not provided
2107,冲和七号九期,冲和资产,相对价值,"1.0170
2017-10-27",1.90%,0.00%,--,--,Not provided
2108,橘颂艾叶量化优选2号,橘颂资产,复合策略,"0.9790
2017-09-06",-2.10%,0.00%,--,--,Not provided
2109,博普阿尔法3号,博普科技,相对价值,"1.0360
2017-10-20",3.80%,0.00%,--,--,Not provided
2110,双隆徽商稳健1号,双隆投资,复合策略,"1.0341
2017-10-20",2.54%,0.00%,--,--,Not provided
2111,深梧可交债1号,深梧资产,固定收益,"1.0270
2017-10-24",0.10%,0.00%,--,--,Not provided
2112,量道众盈1号,深圳量道投资,复合策略,"1.0370
2017-10-20",5.20%,0.00%,--,--,Not provided
2113,丰衍财富绝对收益,丰衍财富,相对价值,"1.0200
2017-10-27",1.60%,0.00%,--,--,Not provided
2114,雷根混合型1号,雷根资产,复合策略,"1.0230
2017-10-26",2.40%,0.00%,--,--,Not provided
2115,方圆量化CTA机构专属,方圆资本,管理期货,"1.0030
2017-10-27",3.40%,0.00%,--,--,Not provided
2116,数势资产守静1号,数势资产,相对价值,"0.9960
2017-10-27",-0.40%,0.00%,--,--,Not provided
2117,银鲨量化稳健1号,银鲨投资,相对价值,"0.9990
2017-10-27",-0.60%,0.00%,--,--,Not provided
2118,中投龙凤山精准扶贫,中投昆泰,事件驱动,"0.9654
2017-10-23",-3.46%,0.00%,--,--,Not provided
2119,益菁汇-丰硕2号,益菁汇资产,复合策略,"1.0000
2017-10-27",0.00%,0.00%,--,--,Not provided
2120,包杨策略飞扬,英昊资产,复合策略,"1.1400
2017-10-31",0.00%,0.00%,--,--,Not provided
2121,庐雍优势成长7号二期,庐雍资产,宏观策略,"1.0000
2017-09-29",0.00%,0.00%,--,--,Not provided
2122,兆元大类资产配置1期,兆元投资,组合策略,"1.0072
2017-10-31",0.00%,0.00%,--,--,Not provided
2123,外贸信托-朱雀专享3号,朱雀股权,相对价值,"1.6174
2017-10-27",61.92%,-0.01%,--,--,4out of 5
2124,乐瑞宏观配置3号,乐瑞资产,宏观策略,"2.4973
2017-10-27",133.60%,-0.01%,--,--,2out of 5
2125,因诺天机,因诺资产,复合策略,"1.1516
2017-10-20",15.67%,-0.01%,--,--,3out of 5
2126,兴业观云私银尊享28号,兴佳利业,复合策略,"1.0331
2017-10-27",17.08%,-0.01%,--,--,1out of 5
2127,货力合赢1号,货力资产,固定收益,"1.0108
2017-10-13",1.09%,-0.01%,--,--,Not provided
2128,泊通量化1号,泊通投资,宏观策略,"1.0144
2017-10-20",1.38%,-0.01%,--,--,Not provided
2129,泊通量化,泊通投资,宏观策略,"1.0150
2017-10-20",1.43%,-0.01%,--,--,Not provided
2130,广东凌日探宝1号,凌日资产,事件驱动,"0.9965
2017-09-22",-0.35%,-0.01%,--,--,Not provided
2131,融信行1号,融信行联合,事件驱动,"0.9952
2017-10-27",-0.48%,-0.01%,--,--,Not provided
2132,中融鼎诚-康信1号,鼎诚资本投资,事件驱动,"0.9973
2017-09-29",-0.27%,-0.01%,--,--,Not provided
2133,宽智期权宝1号,宽智投资,相对价值,"1.0064
2017-10-27",0.27%,-0.01%,--,--,Not provided
2134,优素定制1号,优素资产,复合策略,"0.9535
2017-10-20",-3.53%,-0.01%,--,--,Not provided
2135,星野策略精选母基金,领望投资,复合策略,"1.0923
2017-09-29",9.23%,-0.02%,--,--,4out of 5
2136,华软新动力复利FOF一期,华软新动力,组合策略,"1.0448
2017-10-27",4.82%,-0.02%,--,--,4out of 5
2137,瑞诚时代周期2号债券,瑞诚时代投资,固定收益,"0.9989
2017-09-08",-0.11%,-0.02%,--,--,Not provided
2138,润洆一号,静观万有,复合策略,"0.8820
2017-10-27",-11.61%,-0.02%,--,--,2out of 5
2139,东方红量化1号,证大投资,固定收益,"1.1120
2017-10-31",36.49%,-0.03%,--,--,2out of 5
2140,双隆-隆泽2号,双隆投资,相对价值,"1.0320
2017-10-23",2.33%,-0.03%,--,--,Not provided
2141,垒土投资-对冲基金1号,垒土投资,相对价值,"0.9389
2017-10-20",-5.34%,-0.03%,--,--,2out of 5
2142,双鱼组合1号,冠通北纬,管理期货,"0.8634
2017-09-29",-13.66%,-0.03%,--,--,1out of 5
2143,青岛以太量化基金2号,青岛以太,复合策略,"6.4097
2017-10-30",513.83%,-0.04%,--,--,3out of 5
2144,衍航8号,衍航投资,宏观策略,"0.8080
2017-10-20",-19.14%,-0.04%,--,--,1out of 5
2145,兴业观云月悦盈,兴佳利业,复合策略,"1.0541
2017-10-20",5.99%,-0.04%,--,--,2out of 5
2146,添敖天耀,添敖资管,复合策略,"1.0670
2017-10-27",5.37%,-0.04%,--,--,Not provided
2147,工银量化恒盛精选E类20期,珺容投资,管理期货,"1.0088
2017-09-29",0.88%,-0.04%,--,--,Not provided
2148,青昀分形量化,青昀投资,复合策略,"1.0229
2017-10-27",0.84%,-0.04%,--,--,Not provided
2149,世祖元朔三号,世祖资产,复合策略,"1.0632
2017-10-20",-0.04%,-0.04%,--,--,Not provided
2150,领硕百川通一号,领硕投资,复合策略,"0.9968
2017-10-20",7.71%,-0.04%,--,--,3out of 5
2151,牟合资产颖晖1号,牟合资产,管理期货,"1.0619
2017-10-27",5.69%,-0.05%,--,--,3out of 5
2152,万葵稳健8号,万葵资产,复合策略,"1.0539
2017-10-20",3.81%,-0.05%,--,--,Not provided
2153,信长二号,安泽投资,固定收益,"0.9945
2017-10-27",23.94%,-0.05%,--,--,4out of 5
2154,明汯CTA一号,明汯投资,管理期货,"1.1375
2017-10-27",14.61%,-0.05%,--,--,1out of 5
2155,元鑫莲花私银周年19号,元鑫资本,复合策略,"1.0837
2017-09-22",8.37%,-0.06%,--,--,Not provided
2156,平安财富-对冲精英之金御安远七期A,中金浦成,相对价值,"0.8960
2017-10-20",-10.30%,-0.06%,--,--,1out of 5
2157,山东信托-银叶纯债17号,银叶投资,固定收益,"0.9999
2017-10-20",0.39%,-0.06%,--,--,Not provided
2158,奕泰融葵一号,融葵投资,管理期货,"1.1371
2017-10-27",14.39%,-0.06%,--,--,3out of 5
2159,泓湖宏观对冲母基金,泓湖投资,宏观策略,"0.9315
2017-10-20",-6.92%,-0.06%,--,--,Not provided
2160,七禾言起1号,言起投资,复合策略,"1.4920
2017-10-20",48.20%,-0.07%,--,--,4out of 5
2161,胤狮9号,胤狮投资,复合策略,"0.9992
2017-10-27",-0.07%,-0.07%,--,--,Not provided
2162,私募工场仁富土生金,斯诺波投资,复合策略,"1.4070
2017-10-19",39.40%,-0.07%,--,--,3out of 5
2163,富盈2号,阿米巴基金,复合策略,"1.0426
2017-10-26",4.01%,-0.07%,--,--,3out of 5
2164,外贸信托-翼虎量化对冲(创富1号),翼虎投资,相对价值,"1.3172
2017-10-27",33.92%,-0.07%,--,--,3out of 5
2165,兴业观云养森幸福66号,兴佳利业,复合策略,"1.0617
2017-10-27",6.27%,-0.08%,--,--,Not provided
2166,雷雨信盈一号,佰望资产,复合策略,"1.0032
2017-10-27",0.15%,-0.08%,--,--,Not provided
2167,华润元大资产泓湖宏观策略,泓湖投资,宏观策略,"1.2530
2017-10-20",25.10%,-0.08%,--,--,3out of 5
2168,七禾宏观对冲1号,七禾聚资产,组合策略,"0.9991
2017-10-20",-0.08%,-0.08%,--,--,Not provided
2169,乐瑞强债8号,乐瑞资产,固定收益,"1.1970
2017-10-27",19.31%,-0.09%,--,--,2out of 5
2170,新方程肯阳价值实现海外基金,新方程,复合策略,"1.1630
2017-09-20",16.30%,-0.09%,--,--,4out of 5
2171,思斉1号FOF母,美期资产,固定收益,"0.9969
2017-10-20",-0.16%,-0.09%,--,--,Not provided
2172,平安财富-对冲精英之金御安远三期A,中金浦成,相对价值,"0.9928
2017-10-20",-0.58%,-0.09%,--,--,2out of 5
2173,信达量道1期,量道投资,复合策略,"1.0057
2017-10-27",-0.60%,-0.09%,--,--,Not provided
2174,千惠管理期货1号证券,千惠资产,管理期货,"1.1950
2017-10-27",8.00%,-0.09%,--,--,Not provided
2175,橘颂溢盛2号,橘颂资产,复合策略,"1.0670
2017-09-06",6.70%,-0.09%,--,--,Not provided
2176,长流稳进六号,长流资本,固定收益,"1.0690
2017-10-27",6.50%,-0.09%,--,--,Not provided
2177,泊通9号,泊通投资,宏观策略,"1.0800
2017-10-20",5.70%,-0.09%,--,--,Not provided
2178,贰拾壹点高频云端2号,贰拾壹点,复合策略,"1.0450
2017-10-13",4.50%,-0.10%,--,--,Not provided
2179,金莉洋价值,金莉洋,复合策略,"1.0520
2017-10-27",4.10%,-0.10%,--,--,Not provided
2180,承周未来,斯诺波投资,组合策略,"1.1547
2017-10-25",13.93%,-0.10%,--,--,3out of 5
2181,东莞理工学院奖学基金1号,万葵资产,固定收益,"1.0356
2017-10-20",3.23%,-0.10%,--,--,Not provided
2182,汇安景唐债券1号,景唐投资,固定收益,"1.0290
2017-10-26",3.00%,-0.10%,--,--,Not provided
2183,瑞龙同晖1号,合晟资产,固定收益,"0.8824
2017-10-26",1.70%,-0.10%,--,--,Not provided
2184,尧翼全天候,冠石资产,固定收益,"1.0140
2017-09-06",1.40%,-0.10%,--,--,2out of 5
2185,未来星-因诺,因诺资产,相对价值,"1.0110
2017-10-27",1.30%,-0.10%,--,--,Not provided
2186,汇升稳进一号,汇鸿汇升,相对价值,"1.3304
2017-10-25",31.00%,-0.10%,--,--,2out of 5
2187,冲和长胜2号,冲和资产,相对价值,"1.0050
2017-09-22",0.50%,-0.10%,--,--,Not provided
2188,国道同盈四号,国道基金,复合策略,"1.0160
2017-10-27",0.30%,-0.10%,--,--,Not provided
2189,量华鑫牛专项,量华资管,复合策略,"1.0020
2017-10-30",-0.10%,-0.10%,--,--,Not provided
2190,和琪同益二期,和琪同益资产,复合策略,"0.9960
2017-10-27",-0.40%,-0.10%,--,--,Not provided
2191,和熙8号并购基金,和熙投资,事件驱动,"0.9890
2017-10-25",-0.90%,-0.10%,--,--,Not provided
2192,浦浩CTA矶法永续,浦浩投资,管理期货,"1.0020
2017-10-20",-0.90%,-0.10%,--,--,Not provided
2193,凯兴睿进9号,凯兴资产,事件驱动,"0.9810
2017-10-27",-1.70%,-0.10%,--,--,Not provided
2194,汇量FOF1号,天算量化,组合策略,"0.9790
2017-10-12",-2.20%,-0.10%,--,--,2out of 5
2195,勤晟泓鹏价值,重庆勤晟股权投资,事件驱动,"0.9690
2017-09-22",-3.10%,-0.10%,--,--,Not provided
2196,凯兴睿进8号,凯兴资产,事件驱动,"0.9660
2017-10-27",-3.20%,-0.10%,--,--,Not provided
2197,招商群英荟量化对冲MOM,盈峰资本,组合策略,"0.9764
2017-10-27",-3.65%,-0.10%,--,--,2out of 5
2198,拾麦鲁证明鑫FOF1号,拾麦资产,组合策略,"0.9770
2017-10-27",-3.80%,-0.10%,--,--,1out of 5
2199,日新五号,中大君悦投资,复合策略,"0.9520
2017-10-20",-4.60%,-0.10%,--,--,Not provided
2200,盛信1期,盛信资产,相对价值,"0.9500
2017-09-29",-5.00%,-0.11%,--,--,2out of 5
2201,坤元永利FOF三期6号C,坤元资产,组合策略,"0.9380
2017-10-19",-5.90%,-0.11%,--,--,Not provided
2202,坤元永利FOF三期5号C,坤元资产,组合策略,"0.9350
2017-10-19",-6.30%,-0.11%,--,--,Not provided
2203,灵涛潜龙3期,灵涛基金,组合策略,"0.9090
2017-10-25",-8.20%,-0.11%,--,--,Not provided
2204,喜岳1号多策略,喜岳投资,复合策略,"1.1919
2017-09-29",19.19%,-0.11%,--,--,4out of 5
2205,西部期货景唐多策略12号,景唐投资,固定收益,"1.0018
2017-10-27",0.43%,-0.11%,--,--,Not provided
2206,合众二号,京智资管,复合策略,"0.8150
2017-10-27",1.08%,-0.11%,--,--,1out of 5
2207,明汯全天候一号,明汯投资,复合策略,"1.4441
2017-10-27",42.56%,-0.11%,--,--,4out of 5
2208,蓝鲸强债3号,蓝鲸投资,固定收益,"1.1412
2017-10-27",14.04%,-0.11%,--,--,2out of 5
2209,长安基成量化CTA8号,基成资本,管理期货,"1.0428
2017-09-25",4.28%,-0.11%,--,--,Not provided
2210,泓信泓筹十七号指数增强型,泓信投资,复合策略,"1.0277
2017-10-27",2.09%,-0.12%,--,--,Not provided
2211,金百合七号,金百合财富,复合策略,"0.9257
2017-10-27",-8.03%,-0.13%,--,--,1out of 5
2212,舍得之道资本-平安吉象B期,舍得之道,复合策略,"1.0248
2017-10-27",4.21%,-0.14%,--,--,4out of 5
2213,外贸信托-尊嘉ALPHA,尊嘉资产,相对价值,"1.5878
2017-10-27",58.22%,-0.15%,--,--,2out of 5
2214,国金平衡1号,国金创新,组合策略,"1.0812
2017-10-20",8.55%,-0.15%,--,--,2out of 5
2215,华量红移1期,红移投资,固定收益,"1.0105
2017-10-27",0.39%,-0.15%,--,--,Not provided
2216,宏盈2号,明泰资产,宏观策略,"0.9765
2017-10-09",-2.24%,-0.15%,--,--,3out of 5
2217,璨龙啸天承宇6号,璨龙资产,管理期货,"1.0103
2017-10-18",1.41%,-0.16%,--,--,Not provided
2218,汇升稳进五号,汇鸿汇升,相对价值,"0.9327
2017-09-25",-6.73%,-0.16%,--,--,Not provided
2219,远策致鑫多策略,上海远策投资,复合策略,"1.0576
2017-10-20",5.70%,-0.16%,--,--,Not provided
2220,华润信托-珺牛商基,珺容投资,复合策略,"0.9803
2017-10-20",-1.17%,-0.16%,--,--,Not provided
2221,冲和FOF精选,冲和资产,组合策略,"1.2160
2017-09-22",21.60%,-0.16%,--,--,4out of 5
2222,冠石聚富一号,冠石资产,固定收益,"1.2070
2017-09-06",20.70%,-0.17%,--,--,3out of 5
2223,穗富明星8号,穗富投资,组合策略,"0.7220
2017-10-20",-27.74%,-0.17%,--,--,1out of 5
2224,华赢7号珺牛套利1号,珺容投资,相对价值,"1.0220
2017-10-20",2.27%,-0.17%,--,--,Not provided
2225,盈定三号,盈阳资产,相对价值,"1.1950
2017-09-29",19.50%,-0.17%,--,--,3out of 5
2226,青昀分形1号,青昀投资,复合策略,"1.0217
2017-10-27",0.97%,-0.17%,--,--,Not provided
2227,开拓者-程序化3号,开拓者资产,管理期货,"1.4049
2017-10-27",41.07%,-0.17%,--,--,2out of 5
2228,辰钰和瑞一号,辰钰财富投资,复合策略,"1.0138
2017-10-27",0.06%,-0.17%,--,--,Not provided
2229,知方石灵活策略6号,知方石投资,复合策略,"0.9573
2017-10-27",11.62%,-0.17%,--,--,3out of 5
2230,天堂硅谷金斧子乾皓2号定增精选,深圳金斧子资本,事件驱动,"0.9706
2017-10-13",-2.85%,-0.17%,--,--,Not provided
2231,乾皓1号定增精选,深圳金斧子资本,事件驱动,"0.9687
2017-10-13",-3.04%,-0.17%,--,--,Not provided
2232,中融恒睿-蓝天1号,中融恒睿资本,事件驱动,"0.9583
2017-09-29",-4.17%,-0.18%,--,--,Not provided
2233,金元宝量化对冲1号,金雅福投资,宏观策略,"1.1270
2017-09-29",12.70%,-0.18%,--,--,Not provided
2234,乾倍金融-历保壹号,乾倍投资,事件驱动,"1.9926
2017-10-13",99.43%,-0.18%,--,--,Not provided
2235,和熙并购5号,和熙投资,事件驱动,"1.1400
2017-10-25",22.62%,-0.18%,--,--,Not provided
2236,余道年年有余1号,余道投资,复合策略,"1.0850
2017-10-20",9.50%,-0.18%,--,--,Not provided
2237,喜世润同盈1号,喜世润投资,复合策略,"1.1240
2017-10-20",18.82%,-0.18%,--,--,Not provided
2238,因诺天机7号,因诺资产,复合策略,"1.0112
2017-10-20",1.71%,-0.19%,--,--,Not provided
2239,九旭卓越2号,九旭资产,复合策略,"1.0770
2017-10-27",6.70%,-0.19%,--,--,1out of 5
2240,华永信东成二号,华永信资本,管理期货,"1.0670
2017-10-20",6.60%,-0.19%,--,--,Not provided
2241,一村MS20,一村投资,复合策略,"1.0072
2017-10-27",0.75%,-0.19%,--,--,Not provided
2242,汇升定增量化融创一号,汇鸿汇升,复合策略,"1.0102
2017-10-25",-0.18%,-0.19%,--,--,2out of 5
2243,私募工场诺桥一号,斯诺波投资,复合策略,"1.0540
2017-10-19",4.90%,-0.19%,--,--,2out of 5
2244,盛冠达万嘉盈,盛冠达资产,管理期货,"1.5490
2017-10-17",54.80%,-0.19%,--,--,3out of 5
2245,招商基金-安心收益1号,上海元康投资,固定收益,"1.0320
2017-10-20",7.72%,-0.19%,--,--,3out of 5
2246,丰诺丰收1号,丰诺投资,相对价值,"1.0350
2017-10-13",2.50%,-0.19%,--,--,4out of 5
2247,同安恒星1号,同安投资,相对价值,"1.0220
2017-10-13",2.10%,-0.20%,--,--,3out of 5
2248,中信建投-冠石稳盈2号,冠石资产,固定收益,"1.0201
2017-09-07",2.01%,-0.20%,--,--,Not provided
2249,排排网星熠稳健FOF一期,排排网未来星基金,组合策略,"1.0080
2017-10-20",1.20%,-0.20%,--,--,Not provided
2250,兴鑫-耀之债券增强型1号,耀之基金,固定收益,"1.0060
2017-09-15",0.60%,-0.20%,--,--,2out of 5
